event_id,event_name,round_id,category,result_url,rider_url,name,bib,uci_id,club,country,place,place_numeric,status,time,laps,total_in_class,finished_in_class,dns_in_class,dnf_in_class,event_country,event_date,event_url
16839,SCF SM Cykelcross 2026 SWE CUP 7,,,https://www.sportstiming.dk/event/16839/results,https://www.sportstiming.dk/event/16839/results/7898994,David RisbergÖrebrocyklisterna,6,10022265019,Örebrocyklisterna,SWE,1,1.0,finished,1:00:51,7,39,26,0,0,SWE,2026-01-11,https://www.sportstiming.dk/event/16839/results
16839,SCF SM Cykelcross 2026 SWE CUP 7,,,https://www.sportstiming.dk/event/16839/results,https://www.sportstiming.dk/event/16839/results/7900581,Nils JOHANSSONIKHP Huskvarna,7,10022656049,IKHP Huskvarna,SWE,2,2.0,finished,1:03:33,7,39,26,0,0,SWE,2026-01-11,https://www.sportstiming.dk/event/16839/results
16839,SCF SM Cykelcross 2026 SWE CUP 7,,,https://www.sportstiming.dk/event/16839/results,https://www.sportstiming.dk/event/16839/results/7895419,Vilmer EkmanLucky Sport Cycling Club,9,10022659988,Lucky Sport Cycling Club,SWE,3,3.0,finished,1:06:51,7,39,26,0,0,SWE,2026-01-11,https://www.sportstiming.dk/event/16839/results
16839,SCF SM Cykelcross 2026 SWE CUP 7,,,https://www.sportstiming.dk/event/16839/results,https://www.sportstiming.dk/event/16839/results/7898745,Vilmar AASTRUPBauhaus Sportklubb,11,10022482156,Bauhaus Sportklubb,SWE,4,4.0,finished,1:08:04,7,39,26,0,0,SWE,2026-01-11,https://www.sportstiming.dk/event/16839/results
16839,SCF SM Cykelcross 2026 SWE CUP 7,,,https://www.sportstiming.dk/event/16839/results,https://www.sportstiming.dk/event/16839/results/7900795,Louis MONVILLECK Master,8,10132708310,CK Master,SWE,5,5.0,finished,1:08:15,7,39,26,0,0,SWE,2026-01-11,https://www.sportstiming.dk/event/16839/results
16839,SCF SM Cykelcross 2026 SWE CUP 7,,,https://www.sportstiming.dk/event/16839/results,https://www.sportstiming.dk/event/16839/results/7901843,Lukas MERKELCK Hymer,16,10075575916,CK Hymer,SWE,6,6.0,finished,1:08:18,7,39,26,0,0,SWE,2026-01-11,https://www.sportstiming.dk/event/16839/results
16839,SCF SM Cykelcross 2026 SWE CUP 7,,,https://www.sportstiming.dk/event/16839/results,https://www.sportstiming.dk/event/16839/results/7895877,Dexter KOCKLänna sport,13,10062276711,Länna sport,SWE,7,7.0,finished,1:02:07,6,39,26,0,0,SWE,2026-01-11,https://www.sportstiming.dk/event/16839/results
16839,SCF SM Cykelcross 2026 SWE CUP 7,,,https://www.sportstiming.dk/event/16839/results,https://www.sportstiming.dk/event/16839/results/7898899,David ErikssonIKHP Huskvarna,15,10060995095,IKHP Huskvarna,SWE,8,8.0,finished,1:02:47,6,39,26,0,0,SWE,2026-01-11,https://www.sportstiming.dk/event/16839/results
16839,SCF SM Cykelcross 2026 SWE CUP 7,,,https://www.sportstiming.dk/event/16839/results,https://www.sportstiming.dk/event/16839/results/7899721,Lucas MOLINFalu CK,10,10022621895,Falu CK,SWE,9,9.0,finished,1:05:33,6,39,26,0,0,SWE,2026-01-11,https://www.sportstiming.dk/event/16839/results
16839,SCF SM Cykelcross 2026 SWE CUP 7,,,https://www.sportstiming.dk/event/16839/results,https://www.sportstiming.dk/event/16839/results/7900190,Emil OskarssonCK Master,14,10060236879,CK Master,SWE,10,10.0,finished,1:08:41,6,39,26,0,0,SWE,2026-01-11,https://www.sportstiming.dk/event/16839/results
16839,SCF SM Cykelcross 2026 SWE CUP 7,,,https://www.sportstiming.dk/event/16839/results,https://www.sportstiming.dk/event/16839/results/7879620,Salvador RINCON AMATUpsala CK,18,10022365150,Upsala CK,SWE,11,11.0,finished,1:11:13,6,39,26,0,0,SWE,2026-01-11,https://www.sportstiming.dk/event/16839/results
16839,SCF SM Cykelcross 2026 SWE CUP 7,,,https://www.sportstiming.dk/event/16839/results,https://www.sportstiming.dk/event/16839/results/7884010,Albin DE KOSTERMalmö Cykelcross Klubb,12,10141019792,Malmö Cykelcross Klubb,SWE,12,12.0,finished,1:01:50,5,39,26,0,0,SWE,2026-01-11,https://www.sportstiming.dk/event/16839/results
16839,SCF SM Cykelcross 2026 SWE CUP 7,,,https://www.sportstiming.dk/event/16839/results,https://www.sportstiming.dk/event/16839/results/7900466,Patrick STRACKÄngby CC,17,10132615249,Ängby CC,SWE,13,13.0,finished,1:04:13,5,39,26,0,0,SWE,2026-01-11,https://www.sportstiming.dk/event/16839/results
16838,Malmö CX SWE-CUP #6,,,https://www.sportstiming.dk/event/16838/results,https://www.sportstiming.dk/event/16838/results/7819387,Axel LorentssonJönköpings CK,171,10120571182,Jönköpings CK,SWE,1,1.0,finished,18:55,5,24,16,0,0,SWE,2025-11-16,https://www.sportstiming.dk/event/16838/results
16838,Malmö CX SWE-CUP #6,,,https://www.sportstiming.dk/event/16838/results,https://www.sportstiming.dk/event/16838/results/7781927,Wilmer LarssonJönköpings CK,175,10107598141,Jönköpings CK,SWE,2,2.0,finished,19:52,5,24,16,0,0,SWE,2025-11-16,https://www.sportstiming.dk/event/16838/results
16838,Malmö CX SWE-CUP #6,,,https://www.sportstiming.dk/event/16838/results,https://www.sportstiming.dk/event/16838/results/7821930,Simon Härling BjörKvänums IF,174,10162473970,Kvänums IF,SWE,4,4.0,finished,21:27,5,24,16,0,0,SWE,2025-11-16,https://www.sportstiming.dk/event/16838/results
16838,Malmö CX SWE-CUP #6,,,https://www.sportstiming.dk/event/16838/results,https://www.sportstiming.dk/event/16838/results/7797423,Constantin CostesMalmö Cykelcross Klubb,172,10163899769,Malmö Cykelcross Klubb,SWE,6,6.0,finished,22:40,5,24,16,0,0,SWE,2025-11-16,https://www.sportstiming.dk/event/16838/results
16838,Malmö CX SWE-CUP #6,,,https://www.sportstiming.dk/event/16838/results,https://www.sportstiming.dk/event/16838/results/7821787,Petter HöhlerMalmö Cykelcross klubb,173,Engångslicens,Malmö Cykelcross klubb,SWE,8,8.0,finished,19:48,4,24,16,0,0,SWE,2025-11-16,https://www.sportstiming.dk/event/16838/results
16837,Malmö CX SWE-CUP #5,,,https://www.sportstiming.dk/event/16837/results,https://www.sportstiming.dk/event/16837/results/7819379,Axel LorentssonJönköpings CK,171,10120571182,Jönköpings CK,SWE,1,1.0,finished,20:01,4,16,10,1,0,SWE,2025-11-15,https://www.sportstiming.dk/event/16837/results
16837,Malmö CX SWE-CUP #5,,,https://www.sportstiming.dk/event/16837/results,https://www.sportstiming.dk/event/16837/results/7781926,Wilmer LarssonJönköpings CK,175,10107598141,Jönköpings CK,SWE,2,2.0,finished,20:46,4,16,10,1,0,SWE,2025-11-15,https://www.sportstiming.dk/event/16837/results
16837,Malmö CX SWE-CUP #5,,,https://www.sportstiming.dk/event/16837/results,https://www.sportstiming.dk/event/16837/results/7797410,Constantin CostesMalmö Cykelcross Klubb,172,10163899769,Malmö Cykelcross Klubb,SWE,3,3.0,finished,24:46,4,16,10,1,0,SWE,2025-11-15,https://www.sportstiming.dk/event/16837/results
16837,Malmö CX SWE-CUP #5,,,https://www.sportstiming.dk/event/16837/results,https://www.sportstiming.dk/event/16837/results/7821778,Petter HöhlerMalmö Cykelcross klubb,173,Engångslicens,Malmö Cykelcross klubb,SWE,4,4.0,finished,25:41,4,16,10,1,0,SWE,2025-11-15,https://www.sportstiming.dk/event/16837/results
16837,Malmö CX SWE-CUP #5,,,https://www.sportstiming.dk/event/16837/results,https://www.sportstiming.dk/event/16837/results/7820448,Hampus MortensenMalmö Cykelcross Klubb,170,Engångslicens,Malmö Cykelcross Klubb,SWE,5,5.0,finished,21:05,3,16,10,1,0,SWE,2025-11-15,https://www.sportstiming.dk/event/16837/results
16837,Malmö CX SWE-CUP #5,,,https://www.sportstiming.dk/event/16837/results,https://www.sportstiming.dk/event/16837/results/7821925,Simon Härling BjörKvänums IF,174,10162473970,Kvänums IF,SWE,DNS,,DNS,,0,16,10,1,0,SWE,2025-11-15,https://www.sportstiming.dk/event/16837/results
16827,Varberg CX Day 2 SWE-Cup #4,,,https://www.sportstiming.dk/event/16827/results,#,Louise ÖstermanMalmö Cykelcross Klubb,127,10167571120,Malmö Cykelcross Klubb,SWE,1,1.0,finished,20:35,2,3,2,0,0,SWE,2025-10-19,https://www.sportstiming.dk/event/16827/results
16827,Varberg CX Day 2 SWE-Cup #4,,,https://www.sportstiming.dk/event/16827/results,,5:30,Malmö Cykelcross Klubb,7:18,Malmö Cykelcross Klubb,,KLUBB/FÖRETAG012MALMÖ CYKELCROSS KLUBB5:307:187:47,12530718747.0,finished,,,3,2,0,0,SWE,2025-10-19,https://www.sportstiming.dk/event/16827/results
16826,Varberg CX Day 1 SWE-Cup #3,,,https://www.sportstiming.dk/event/16826/results,#,Alva BJURKLINTBorås CA,126,10132558564,Borås CA,SWE,1,1.0,finished,25:11,4,6,4,0,0,SWE,2025-10-18,https://www.sportstiming.dk/event/16826/results
16826,Varberg CX Day 1 SWE-Cup #3,,,https://www.sportstiming.dk/event/16826/results,#,Louise ÖstermanMalmö Cykelcross Klubb,127,10167571120,Malmö Cykelcross Klubb,SWE,2,2.0,finished,20:30,3,6,4,0,0,SWE,2025-10-18,https://www.sportstiming.dk/event/16826/results
16826,Varberg CX Day 1 SWE-Cup #3,,,https://www.sportstiming.dk/event/16826/results,,6:37,Malmö Cykelcross Klubb,6:55,Malmö Cykelcross Klubb,,KLUBB/FÖRETAG123MALMÖ CYKELCROSS KLUBB6:376:556:57,123637655657.0,finished,,,6,4,0,0,SWE,2025-10-18,https://www.sportstiming.dk/event/16826/results
15167,SM Cykelcross 2025 Ullared,,,https://www.sportstiming.dk/event/15167/results,https://www.sportstiming.dk/event/15167/results/6594692,Louise ÖstermanMalmö Cykelcross Klubb,24,Engångslicens,Malmö Cykelcross Klubb,SWE,1,1.0,finished,17:51,2,6,4,0,0,SWE,2024-11-23,https://www.sportstiming.dk/event/15167/results
15167,SM Cykelcross 2025 Ullared,,,https://www.sportstiming.dk/event/15167/results,,0:20,Malmö Cykelcross Klubb,8:40,Malmö Cykelcross Klubb,,KLUBB/FÖRETAG012MALMÖ CYKELCROSS KLUBB0:208:408:50,12020840850.0,finished,,,6,4,0,0,SWE,2024-11-23,https://www.sportstiming.dk/event/15167/results
15167,SM Cykelcross 2025 Ullared,,,https://www.sportstiming.dk/event/15167/results,https://www.sportstiming.dk/event/15167/results/6701404,Tora SJÖQVIST BOWENIUSFinspångs CA,23,10129358877,Finspångs CA,SWE,2,2.0,finished,22:35,2,6,4,0,0,SWE,2024-11-23,https://www.sportstiming.dk/event/15167/results
15167,SM Cykelcross 2025 Ullared,,,https://www.sportstiming.dk/event/15167/results,,0:19,Finspångs CA,11:31,Finspångs CA,,KLUBB/FÖRETAG012FINSPÅNGS CA0:1911:3110:44,1201911311044.0,finished,,,6,4,0,0,SWE,2024-11-23,https://www.sportstiming.dk/event/15167/results
15140,Musettecross 2024 Lopp 4,,,https://www.sportstiming.dk/event/15140/results,https://www.sportstiming.dk/event/15140/results/6594637,Carina BörjessonÅstorps CK,410,,Åstorps CK,,,,unknown,58:02,,8,0,0,0,SWE,2024-11-17,https://www.sportstiming.dk/event/15140/results
15140,Musettecross 2024 Lopp 4,,,https://www.sportstiming.dk/event/15140/results,https://www.sportstiming.dk/event/15140/results/6700837,Jessica BengtssonCK Ringen,49,,CK Ringen,,,,unknown,51:29,,8,0,0,0,SWE,2024-11-17,https://www.sportstiming.dk/event/15140/results
15140,Musettecross 2024 Lopp 4,,,https://www.sportstiming.dk/event/15140/results,https://www.sportstiming.dk/event/15140/results/6699766,Maria TimanderLänna Sport CK,405,,Länna Sport CK,,,,unknown,55:08,,8,0,0,0,SWE,2024-11-17,https://www.sportstiming.dk/event/15140/results
15248,Malmö CX SWE-CUP #9,,,https://www.sportstiming.dk/event/15248/results,https://www.sportstiming.dk/event/15248/results/6586577,Dani Nilsson HuismanMalmö Cykelcross Klubb,39,10094978138,Malmö Cykelcross Klubb,SWE,1,1.0,finished,22:07,3,3,2,0,0,SWE,2024-11-10,https://www.sportstiming.dk/event/15248/results
15246,Malmö CX SWE-CUP #8,,,https://www.sportstiming.dk/event/15246/results,https://www.sportstiming.dk/event/15246/results/6582349,Dani Nilsson HuismanMalmö Cykelcross Klubb,39,10094978138,Malmö Cykelcross Klubb,SWE,1,1.0,finished,17:34,2,3,2,0,0,SWE,2024-11-09,https://www.sportstiming.dk/event/15246/results
15138,Musettecross 2024 Lopp 2,,,https://www.sportstiming.dk/event/15138/results,https://www.sportstiming.dk/event/15138/results/6555658,Carina BörjessonÅstorps CK,209,,Åstorps CK,,,,unknown,10:00:00,,5,0,0,0,SWE,2024-10-27,https://www.sportstiming.dk/event/15138/results
15138,Musettecross 2024 Lopp 2,,,https://www.sportstiming.dk/event/15138/results,https://www.sportstiming.dk/event/15138/results/6565765,Maria TimanderLänna Sport CK,201,,Länna Sport CK,,,,unknown,10:00:00,,5,0,0,0,SWE,2024-10-27,https://www.sportstiming.dk/event/15138/results
15016,Varberg CX Day 2 SWE-Cup #6,,,https://www.sportstiming.dk/event/15016/results,#,Tora SJÖQVIST BOWENIUSFinspångs CA,1,10129358877,Finspångs CA,SWE,1,1.0,finished,24:05,1,6,4,0,0,SWE,2024-10-20,https://www.sportstiming.dk/event/15016/results
15016,Varberg CX Day 2 SWE-Cup #6,,,https://www.sportstiming.dk/event/15016/results,,6:47,Finspångs CA,17:17,Finspångs CA,,KLUBB/FÖRETAG01FINSPÅNGS CA6:4717:17,16471717.0,finished,,,6,4,0,0,SWE,2024-10-20,https://www.sportstiming.dk/event/15016/results
15016,Varberg CX Day 2 SWE-Cup #6,,,https://www.sportstiming.dk/event/15016/results,#,Astrid Forsby PerssonCK Master,200,,CK Master,SWE,2,2.0,finished,25:24,1,6,4,0,0,SWE,2024-10-20,https://www.sportstiming.dk/event/15016/results
15009,Varberg CX Day 1 SWE-Cup #5,,,https://www.sportstiming.dk/event/15009/results,#,Tora SJÖQVIST BOWENIUSFInspångs CA,1,10129358877,FInspångs CA,SWE,1,1.0,finished,17:08,1,2,2,0,0,SWE,2024-10-19,https://www.sportstiming.dk/event/15009/results
15009,Varberg CX Day 1 SWE-Cup #5,,,https://www.sportstiming.dk/event/15009/results,,17:08,FInspångs CA,,FInspångs CA,,KLUBB/FÖRETAG1FINSPÅNGS CA17:08,11708.0,finished,,,2,2,0,0,SWE,2024-10-19,https://www.sportstiming.dk/event/15009/results
14974,Hagströmska CX UCI C2,,,https://www.sportstiming.dk/event/14974/results,https://www.sportstiming.dk/event/14974/results/6536570,Elinore NILSSONIK Trasten,4,10055677273,IK Trasten,SWE,2,2.0,finished,40:15,5,32,20,2,0,SWE,2024-10-16,https://www.sportstiming.dk/event/14974/results
14974,Hagströmska CX UCI C2,,,https://www.sportstiming.dk/event/14974/results,https://www.sportstiming.dk/event/14974/results/6547253,Elin ÅLSJÖCK Uni,1,10084440807,CK Uni,SWE,3,3.0,finished,40:32,5,32,20,2,0,SWE,2024-10-16,https://www.sportstiming.dk/event/14974/results
14974,Hagströmska CX UCI C2,,,https://www.sportstiming.dk/event/14974/results,https://www.sportstiming.dk/event/14974/results/6536551,Linnea NILSSONIK Trasten,6,10055677071,IK Trasten,SWE,4,4.0,finished,41:14,5,32,20,2,0,SWE,2024-10-16,https://www.sportstiming.dk/event/14974/results
14974,Hagströmska CX UCI C2,,,https://www.sportstiming.dk/event/14974/results,https://www.sportstiming.dk/event/14974/results/6535517,Thea PERSSONKvänums IF,3,10116040070,Kvänums IF,SWE,8,8.0,finished,44:40,5,32,20,2,0,SWE,2024-10-16,https://www.sportstiming.dk/event/14974/results
14974,Hagströmska CX UCI C2,,,https://www.sportstiming.dk/event/14974/results,https://www.sportstiming.dk/event/14974/results/6539547,Disa MOLINFalu Cykelklubb,12,10050756141,Falu Cykelklubb,SWE,9,9.0,finished,46:38,5,32,20,2,0,SWE,2024-10-16,https://www.sportstiming.dk/event/14974/results
14974,Hagströmska CX UCI C2,,,https://www.sportstiming.dk/event/14974/results,https://www.sportstiming.dk/event/14974/results/6548763,Klara WESTERGRENFalu CK,11,10143034362,Falu CK,SWE,10,10.0,finished,47:35,5,32,20,2,0,SWE,2024-10-16,https://www.sportstiming.dk/event/14974/results
14974,Hagströmska CX UCI C2,,,https://www.sportstiming.dk/event/14974/results,https://www.sportstiming.dk/event/14974/results/6514158,Nora FranssonKvänums IF,10,10083256292,Kvänums IF,SWE,DNS,,DNS,,0,32,20,2,0,SWE,2024-10-16,https://www.sportstiming.dk/event/14974/results
14974,Hagströmska CX UCI C2,,,https://www.sportstiming.dk/event/14974/results,https://www.sportstiming.dk/event/14974/results/6540572,Alva FELLDINVästerås CK,9,10022664840,Västerås CK,SWE,DNS,,DNS,,0,32,20,2,0,SWE,2024-10-16,https://www.sportstiming.dk/event/14974/results
14962,Fristads CX Day 2 SweCup #4,,,https://www.sportstiming.dk/event/14962/results,#,Maja HAGMANJärfälla ck,93,10131320095,Järfälla ck,SWE,1,1.0,finished,22:17,2,6,4,0,0,SWE,2024-10-13,https://www.sportstiming.dk/event/14962/results
14962,Fristads CX Day 2 SweCup #4,,,https://www.sportstiming.dk/event/14962/results,,11:03,Järfälla ck,10:46,Järfälla ck,,KLUBBGENOMSNITTLIGSNABBASTELÅNGSAMMASTEJÄRFÄLLA CK11:0310:4611:19,110310461119.0,finished,,,6,4,0,0,SWE,2024-10-13,https://www.sportstiming.dk/event/14962/results
14962,Fristads CX Day 2 SweCup #4,,,https://www.sportstiming.dk/event/14962/results,#,Tora SJÖQVIST BOWENIUSFInspångs CA,92,10129358877,FInspångs CA,SWE,2,2.0,finished,31:56,2,6,4,0,0,SWE,2024-10-13,https://www.sportstiming.dk/event/14962/results
14962,Fristads CX Day 2 SweCup #4,,,https://www.sportstiming.dk/event/14962/results,,15:52,FInspångs CA,15:23,FInspångs CA,,KLUBBGENOMSNITTLIGSNABBASTELÅNGSAMMASTEFINSPÅNGS CA15:5215:2316:21,155215231621.0,finished,,,6,4,0,0,SWE,2024-10-13,https://www.sportstiming.dk/event/14962/results
14915,Fristads CX Day 1 SweCup #3,,,https://www.sportstiming.dk/event/14915/results,#,Maja HAGMANJärfälla ck,93,10131320095,Järfälla ck,SWE,1,1.0,finished,22:07,2,6,4,0,0,SWE,2024-10-12,https://www.sportstiming.dk/event/14915/results
14915,Fristads CX Day 1 SweCup #3,,,https://www.sportstiming.dk/event/14915/results,,10:59,Järfälla ck,10:49,Järfälla ck,,KLUBBGENOMSNITTLIGSNABBASTELÅNGSAMMASTEJÄRFÄLLA CK10:5910:4911:08,105910491108.0,finished,,,6,4,0,0,SWE,2024-10-12,https://www.sportstiming.dk/event/14915/results
14915,Fristads CX Day 1 SweCup #3,,,https://www.sportstiming.dk/event/14915/results,#,Tora SJÖQVIST BOWENIUSFInspångs CA,92,10129358877,FInspångs CA,SWE,2,2.0,finished,30:09,2,6,4,0,0,SWE,2024-10-12,https://www.sportstiming.dk/event/14915/results
14915,Fristads CX Day 1 SweCup #3,,,https://www.sportstiming.dk/event/14915/results,,14:59,FInspångs CA,14:18,FInspångs CA,,KLUBBGENOMSNITTLIGSNABBASTELÅNGSAMMASTEFINSPÅNGS CA14:5914:1815:40,145914181540.0,finished,,,6,4,0,0,SWE,2024-10-12,https://www.sportstiming.dk/event/14915/results
14973,Hagströmska CX SWE-CUP #2 sön,,,https://www.sportstiming.dk/event/14973/results,https://www.sportstiming.dk/event/14973/results/6519646,William ChapmanFalu Cykelklubb,21,10129270163,Falu Cykelklubb,SWE,1,1.0,finished,15:11,2,11,6,2,0,SWE,2024-10-06,https://www.sportstiming.dk/event/14973/results
14973,Hagströmska CX SWE-CUP #2 sön,,,https://www.sportstiming.dk/event/14973/results,https://www.sportstiming.dk/event/14973/results/6519654,August CHAPMANFalu Cykelklubb,33,10141931592,Falu Cykelklubb,SWE,2,2.0,finished,16:50,2,11,6,2,0,SWE,2024-10-06,https://www.sportstiming.dk/event/14973/results
14973,Hagströmska CX SWE-CUP #2 sön,,,https://www.sportstiming.dk/event/14973/results,https://www.sportstiming.dk/event/14973/results/6523450,Cesar PAULSSONMTB Täby,31,10142582102,MTB Täby,SWE,3,3.0,finished,17:57,2,11,6,2,0,SWE,2024-10-06,https://www.sportstiming.dk/event/14973/results
14973,Hagströmska CX SWE-CUP #2 sön,,,https://www.sportstiming.dk/event/14973/results,https://www.sportstiming.dk/event/14973/results/6522668,Vilgot MAGNUSSONJärfälla CK,32,10128689173,Järfälla CK,SWE,DNS,,DNS,,0,11,6,2,0,SWE,2024-10-06,https://www.sportstiming.dk/event/14973/results
14973,Hagströmska CX SWE-CUP #2 sön,,,https://www.sportstiming.dk/event/14973/results,https://www.sportstiming.dk/event/14973/results/6524127,Vidar LYCKHAGEJärfälla CK,30,10125194345,Järfälla CK,SWE,DNS,,DNS,,0,11,6,2,0,SWE,2024-10-06,https://www.sportstiming.dk/event/14973/results
15137,Musettecross 2024 Lopp 1,,,https://www.sportstiming.dk/event/15137/results,https://www.sportstiming.dk/event/15137/results/6534377,Jessica BengtssonCK Ringen,49,,CK Ringen,,,,unknown,53:04,,2,0,0,0,SWE,2024-10-06,https://www.sportstiming.dk/event/15137/results
14972,Hagströmska CX SWE-CUP #1 lör,,,https://www.sportstiming.dk/event/14972/results,https://www.sportstiming.dk/event/14972/results/6519653,August CHAPMANFalu Cykelklubb,33,10141931592,Falu Cykelklubb,SWE,1,1.0,finished,17:03,2,10,6,1,0,SWE,2024-10-05,https://www.sportstiming.dk/event/14972/results
14972,Hagströmska CX SWE-CUP #1 lör,,,https://www.sportstiming.dk/event/14972/results,https://www.sportstiming.dk/event/14972/results/6523436,Cesar PAULSSONMTB Täby,31,10142582102,MTB Täby,SWE,2,2.0,finished,17:33,2,10,6,1,0,SWE,2024-10-05,https://www.sportstiming.dk/event/14972/results
14972,Hagströmska CX SWE-CUP #1 lör,,,https://www.sportstiming.dk/event/14972/results,https://www.sportstiming.dk/event/14972/results/6523302,Vidar LYCKHAGEJärfälla CK,30,10125194345,Järfälla CK,SWE,3,3.0,finished,17:51,2,10,6,1,0,SWE,2024-10-05,https://www.sportstiming.dk/event/14972/results
14972,Hagströmska CX SWE-CUP #1 lör,,,https://www.sportstiming.dk/event/14972/results,https://www.sportstiming.dk/event/14972/results/6522603,Vilgot MAGNUSSONJärfälla CK,32,10128689173,Järfälla CK,SWE,DNS,,DNS,,0,10,6,1,0,SWE,2024-10-05,https://www.sportstiming.dk/event/14972/results
13470,Musettecross 2023 Lopp 5,,,https://www.sportstiming.dk/event/13470/results,https://www.sportstiming.dk/event/13470/results/5708557,Maria TimanderLänna Sport CK,6,,Länna Sport CK,,2,2.0,finished,58:25,6,12,8,0,0,SWE,2023-11-26,https://www.sportstiming.dk/event/13470/results
12474,SCF SM Cykelcross 2024 Kågeröd,,,https://www.sportstiming.dk/event/12474/results,https://www.sportstiming.dk/event/12474/results/5674176,Paul GreijusBauhaus SK,110,10022628666,Bauhaus SK,SWE,1,1.0,finished,1:01:55,9,40,24,2,2,SWE,2023-11-25,https://www.sportstiming.dk/event/12474/results
12474,SCF SM Cykelcross 2024 Kågeröd,,,https://www.sportstiming.dk/event/12474/results,https://www.sportstiming.dk/event/12474/results/5678257,David RisbergEvolite Cycling Club,101,10022265019,Evolite Cycling Club,SWE,2,2.0,finished,1:02:29,9,40,24,2,2,SWE,2023-11-25,https://www.sportstiming.dk/event/12474/results
12474,SCF SM Cykelcross 2024 Kågeröd,,,https://www.sportstiming.dk/event/12474/results,https://www.sportstiming.dk/event/12474/results/5568776,Ville MerlövÅstorps CK,108,10049005794,Åstorps CK,SWE,3,3.0,finished,1:02:56,9,40,24,2,2,SWE,2023-11-25,https://www.sportstiming.dk/event/12474/results
12474,SCF SM Cykelcross 2024 Kågeröd,,,https://www.sportstiming.dk/event/12474/results,https://www.sportstiming.dk/event/12474/results/5674175,Filip MÅRDBauhaus SK,103,10022437801,Bauhaus SK,SWE,4,4.0,finished,1:04:47,9,40,24,2,2,SWE,2023-11-25,https://www.sportstiming.dk/event/12474/results
12474,SCF SM Cykelcross 2024 Kågeröd,,,https://www.sportstiming.dk/event/12474/results,https://www.sportstiming.dk/event/12474/results/5670808,Louis MonvilleCK Master,104,10132708310,CK Master,SWE,5,5.0,finished,1:07:06,9,40,24,2,2,SWE,2023-11-25,https://www.sportstiming.dk/event/12474/results
12474,SCF SM Cykelcross 2024 Kågeröd,,,https://www.sportstiming.dk/event/12474/results,https://www.sportstiming.dk/event/12474/results/5677081,Filip STARKRyska Posten SK,107,10022293513,Ryska Posten SK,SWE,6,6.0,finished,1:08:04,9,40,24,2,2,SWE,2023-11-25,https://www.sportstiming.dk/event/12474/results
12474,SCF SM Cykelcross 2024 Kågeröd,,,https://www.sportstiming.dk/event/12474/results,https://www.sportstiming.dk/event/12474/results/5673924,Lukas MERKELCK Hymer,113,10075575916,CK Hymer,SWE,7,7.0,finished,1:08:44,9,40,24,2,2,SWE,2023-11-25,https://www.sportstiming.dk/event/12474/results
12474,SCF SM Cykelcross 2024 Kågeröd,,,https://www.sportstiming.dk/event/12474/results,https://www.sportstiming.dk/event/12474/results/5695915,Rasmus ALMML Sports Club,105,10022583705,ML Sports Club,SWE,8,8.0,finished,1:09:18,9,40,24,2,2,SWE,2023-11-25,https://www.sportstiming.dk/event/12474/results
12474,SCF SM Cykelcross 2024 Kågeröd,,,https://www.sportstiming.dk/event/12474/results,https://www.sportstiming.dk/event/12474/results/5668502,Sebastian PETTERSSONFinspångs CA,111,10022337262,Finspångs CA,SWE,9,9.0,finished,1:09:22,9,40,24,2,2,SWE,2023-11-25,https://www.sportstiming.dk/event/12474/results
12474,SCF SM Cykelcross 2024 Kågeröd,,,https://www.sportstiming.dk/event/12474/results,,7:26,Finspångs CA,7:38,Finspångs CA,,KLUBB/FÖRETAG12FINSPÅNGS CA7:267:38,12726738.0,finished,,,40,24,2,2,SWE,2023-11-25,https://www.sportstiming.dk/event/12474/results
12474,SCF SM Cykelcross 2024 Kågeröd,,,https://www.sportstiming.dk/event/12474/results,https://www.sportstiming.dk/event/12474/results/5589105,Lucas MolinFalu CK,106,10022621895,Falu CK,SWE,10,10.0,finished,1:03:41,8,40,24,2,2,SWE,2023-11-25,https://www.sportstiming.dk/event/12474/results
12474,SCF SM Cykelcross 2024 Kågeröd,,,https://www.sportstiming.dk/event/12474/results,https://www.sportstiming.dk/event/12474/results/5670092,Albin DE KOSTERCK Ringen,112,10141019792,CK Ringen,SWE,11,11.0,finished,1:06:53,7,40,24,2,2,SWE,2023-11-25,https://www.sportstiming.dk/event/12474/results
12474,SCF SM Cykelcross 2024 Kågeröd,,,https://www.sportstiming.dk/event/12474/results,https://www.sportstiming.dk/event/12474/results/5676529,Tobias BROBERGCK Bure,115,10117734136,CK Bure,SWE,DNF,,DNF,,4,40,24,2,2,SWE,2023-11-25,https://www.sportstiming.dk/event/12474/results
12474,SCF SM Cykelcross 2024 Kågeröd,,,https://www.sportstiming.dk/event/12474/results,https://www.sportstiming.dk/event/12474/results/5676694,Isac LundgrenCK Ringen,109,10010993619,CK Ringen,SWE,DNF,,DNF,,1,40,24,2,2,SWE,2023-11-25,https://www.sportstiming.dk/event/12474/results
12474,SCF SM Cykelcross 2024 Kågeröd,,,https://www.sportstiming.dk/event/12474/results,,7:46,CK Ringen,,CK Ringen,,KLUBB/FÖRETAG1CK RINGEN7:46,1746.0,finished,,,40,24,2,2,SWE,2023-11-25,https://www.sportstiming.dk/event/12474/results
12474,SCF SM Cykelcross 2024 Kågeröd,,,https://www.sportstiming.dk/event/12474/results,https://www.sportstiming.dk/event/12474/results/5674101,Simon KELLÉNIK Trasten,114,10079743983,IK Trasten,SWE,DNS,,DNS,,0,40,24,2,2,SWE,2023-11-25,https://www.sportstiming.dk/event/12474/results
12474,SCF SM Cykelcross 2024 Kågeröd,,,https://www.sportstiming.dk/event/12474/results,https://www.sportstiming.dk/event/12474/results/5674177,Henrik JANSSONBauhaus SK,102,10010641991,Bauhaus SK,SWE,DNS,,DNS,,0,40,24,2,2,SWE,2023-11-25,https://www.sportstiming.dk/event/12474/results
13121,Challenge Cup 5 Erling Hansen,,,https://www.sportstiming.dk/event/13121/results,https://www.sportstiming.dk/event/13121/results/5664490,Carina BörjessonÅstorps CK,,,Åstorps CKÅstorps CK,SWE,11,11.0,finished,50:43,4,42,28,0,0,DEN,2023-11-19,https://www.sportstiming.dk/event/13121/results
13469,Musettecross 2023 Lopp 4,,,https://www.sportstiming.dk/event/13469/results,https://www.sportstiming.dk/event/13469/results/5680132,Anna PerssonStaffanstorp CK,3,,Staffanstorp CK,,2,2.0,finished,51:15,3,21,14,0,0,SWE,2023-11-19,https://www.sportstiming.dk/event/13469/results
13469,Musettecross 2023 Lopp 4,,,https://www.sportstiming.dk/event/13469/results,https://www.sportstiming.dk/event/13469/results/5680151,Maria TimanderLänna Sport CK,6,,Länna Sport CK,,4,4.0,finished,59:09,3,21,14,0,0,SWE,2023-11-19,https://www.sportstiming.dk/event/13469/results
13348,Musettecross 2023 Lopp 3,,,https://www.sportstiming.dk/event/13348/results,https://www.sportstiming.dk/event/13348/results/5587981,Anna PerssonStaffanstorp CK,3,,Staffanstorp CK,,1,1.0,finished,51:21,6,21,14,0,0,SWE,2023-11-05,https://www.sportstiming.dk/event/13348/results
13348,Musettecross 2023 Lopp 3,,,https://www.sportstiming.dk/event/13348/results,https://www.sportstiming.dk/event/13348/results/5587986,Anna EriksmoBeijers Coaching CK,7,,Beijers Coaching CK,,2,2.0,finished,52:16,6,21,14,0,0,SWE,2023-11-05,https://www.sportstiming.dk/event/13348/results
13348,Musettecross 2023 Lopp 3,,,https://www.sportstiming.dk/event/13348/results,https://www.sportstiming.dk/event/13348/results/5588000,Maria TimanderLänna Sport CK,6,,Länna Sport CK,,5,5.0,finished,57:29,6,21,14,0,0,SWE,2023-11-05,https://www.sportstiming.dk/event/13348/results
13285,Hagströmska CX SWE-CUP sön,,,https://www.sportstiming.dk/event/13285/results,https://www.sportstiming.dk/event/13285/results/5565176,William CHAPMANFalu Cykelklubb,69,10129270163,Falu Cykelklubb,SWE,DNS,,DNS,,0,1,0,1,0,SWE,2023-10-22,https://www.sportstiming.dk/event/13285/results
13284,Hagströmska CX SWE-CUP lör,,,https://www.sportstiming.dk/event/13284/results,https://www.sportstiming.dk/event/13284/results/5567900,Oskar LiljerosVästerås Cykelklubb,70,10094978643,Västerås Cykelklubb,SWE,1,1.0,finished,15:44,2,6,4,0,0,SWE,2023-10-21,https://www.sportstiming.dk/event/13284/results
13284,Hagströmska CX SWE-CUP lör,,,https://www.sportstiming.dk/event/13284/results,https://www.sportstiming.dk/event/13284/results/5565143,William ChapmanFalu Cykelklubb,69,10129270163,Falu Cykelklubb,SWE,2,2.0,finished,17:45,2,6,4,0,0,SWE,2023-10-21,https://www.sportstiming.dk/event/13284/results
13297,Musettecross 2023 Lopp 2,,,https://www.sportstiming.dk/event/13297/results,https://www.sportstiming.dk/event/13297/results/5562645,Anna PerssonStaffanstorp CK,3,,Staffanstorp CK,,1,1.0,finished,51:40,6,18,12,0,0,SWE,2023-10-15,https://www.sportstiming.dk/event/13297/results
13297,Musettecross 2023 Lopp 2,,,https://www.sportstiming.dk/event/13297/results,https://www.sportstiming.dk/event/13297/results/5562646,Anna EriksmoBeijers Coaching CK,7,,Beijers Coaching CK,,2,2.0,finished,53:24,6,18,12,0,0,SWE,2023-10-15,https://www.sportstiming.dk/event/13297/results
13297,Musettecross 2023 Lopp 2,,,https://www.sportstiming.dk/event/13297/results,https://www.sportstiming.dk/event/13297/results/5562694,Maria TimanderLänna Sport CK,6,,Länna Sport CK,,4,4.0,finished,57:16,6,18,12,0,0,SWE,2023-10-15,https://www.sportstiming.dk/event/13297/results
13297,Musettecross 2023 Lopp 2,,,https://www.sportstiming.dk/event/13297/results,https://www.sportstiming.dk/event/13297/results/5557831,Carina BörjessonÅstorps CK,202,,Åstorps CK,,6,6.0,finished,58:57,5,18,12,0,0,SWE,2023-10-15,https://www.sportstiming.dk/event/13297/results
13040,Fristads CX European Cup,,,https://www.sportstiming.dk/event/13040/results,https://www.sportstiming.dk/event/13040/results/5532530,Filip MÅRDBAUHAUS Sportklubb,1,10022437801,BAUHAUS Sportklubb,SWE,4,4.0,finished,53:05,8,44,28,2,0,SWE,2023-10-07,https://www.sportstiming.dk/event/13040/results
13040,Fristads CX European Cup,,,https://www.sportstiming.dk/event/13040/results,https://www.sportstiming.dk/event/13040/results/5541043,Ville MERLOVÅstorps CK,6,10049005794,Åstorps CK,SWE,5,5.0,finished,53:18,8,44,28,2,0,SWE,2023-10-07,https://www.sportstiming.dk/event/13040/results
13040,Fristads CX European Cup,,,https://www.sportstiming.dk/event/13040/results,https://www.sportstiming.dk/event/13040/results/5532735,Paul GREIJUSBAUHAUS Sportklubb,7,10022628666,BAUHAUS Sportklubb,SWE,7,7.0,finished,54:49,8,44,28,2,0,SWE,2023-10-07,https://www.sportstiming.dk/event/13040/results
13040,Fristads CX European Cup,,,https://www.sportstiming.dk/event/13040/results,https://www.sportstiming.dk/event/13040/results/5543828,Sebastian PETTERSSONFinspångs CA,5,10022337262,Finspångs CA,SWE,9,9.0,finished,55:41,8,44,28,2,0,SWE,2023-10-07,https://www.sportstiming.dk/event/13040/results
13040,Fristads CX European Cup,,,https://www.sportstiming.dk/event/13040/results,https://www.sportstiming.dk/event/13040/results/5550107,Assar AKERSTROMEskilstuna Cykelklubb,14,10056488942,Eskilstuna Cykelklubb,SWE,10,10.0,finished,56:55,8,44,28,2,0,SWE,2023-10-07,https://www.sportstiming.dk/event/13040/results
13040,Fristads CX European Cup,,,https://www.sportstiming.dk/event/13040/results,https://www.sportstiming.dk/event/13040/results/5550127,Rasmus AlmML Sports Club,9,10022583705,ML Sports Club,SWE,11,11.0,finished,57:18,8,44,28,2,0,SWE,2023-10-07,https://www.sportstiming.dk/event/13040/results
13040,Fristads CX European Cup,,,https://www.sportstiming.dk/event/13040/results,https://www.sportstiming.dk/event/13040/results/5530820,Lucas MOLINFalu Cykelklubb,10,10022621895,Falu Cykelklubb,SWE,12,12.0,finished,57:19,8,44,28,2,0,SWE,2023-10-07,https://www.sportstiming.dk/event/13040/results
13040,Fristads CX European Cup,,,https://www.sportstiming.dk/event/13040/results,https://www.sportstiming.dk/event/13040/results/5544773,Lukas KARLÉNIF Hallby SOK,8,10022469527,IF Hallby SOK,SWE,14,14.0,finished,53:08,7,44,28,2,0,SWE,2023-10-07,https://www.sportstiming.dk/event/13040/results
13040,Fristads CX European Cup,,,https://www.sportstiming.dk/event/13040/results,https://www.sportstiming.dk/event/13040/results/5544075,Anton OLARSFalu Cykelklubb,4,10022597041,Falu Cykelklubb,SWE,DNS,,DNS,,0,44,28,2,0,SWE,2023-10-07,https://www.sportstiming.dk/event/13040/results
13242,Fristads CX SWE Cup sön,,,https://www.sportstiming.dk/event/13242/results,https://www.sportstiming.dk/event/13242/results/5547717,Nora DECKNERTyresö CK,114,10117071910,Tyresö CK,SWE,1,1.0,finished,19:58,2,9,6,0,0,SWE,2023-10-08,https://www.sportstiming.dk/event/13242/results
13242,Fristads CX SWE Cup sön,,,https://www.sportstiming.dk/event/13242/results,https://www.sportstiming.dk/event/13242/results/5543363,Maja HAGMANJärfälla CK,112,10131320095,Järfälla CK,SWE,2,2.0,finished,22:16,2,9,6,0,0,SWE,2023-10-08,https://www.sportstiming.dk/event/13242/results
13242,Fristads CX SWE Cup sön,,,https://www.sportstiming.dk/event/13242/results,https://www.sportstiming.dk/event/13242/results/5555029,Emmy StrömbladMTB Täby,113,10130387986,MTB Täby,SWE,3,3.0,finished,23:17,2,9,6,0,0,SWE,2023-10-08,https://www.sportstiming.dk/event/13242/results
13186,Fristads CX SWE Cup lör,,,https://www.sportstiming.dk/event/13186/results,https://www.sportstiming.dk/event/13186/results/5533295,Signe LIDBERGCK Uni,111,10130591989,CK Uni,SWE,1,1.0,finished,25:27,2,10,6,0,1,SWE,2023-10-07,https://www.sportstiming.dk/event/13186/results
13186,Fristads CX SWE Cup lör,,,https://www.sportstiming.dk/event/13186/results,https://www.sportstiming.dk/event/13186/results/5522329,Maja HAGMANJärfälla CK,112,10131320095,Järfälla CK,SWE,2,2.0,finished,26:53,2,10,6,0,1,SWE,2023-10-07,https://www.sportstiming.dk/event/13186/results
13186,Fristads CX SWE Cup lör,,,https://www.sportstiming.dk/event/13186/results,https://www.sportstiming.dk/event/13186/results/5550111,Ellen BolikMTB Täby,115,Engångslicens,MTB Täby,SWE,3,3.0,finished,28:09,2,10,6,0,1,SWE,2023-10-07,https://www.sportstiming.dk/event/13186/results
13186,Fristads CX SWE Cup lör,,,https://www.sportstiming.dk/event/13186/results,https://www.sportstiming.dk/event/13186/results/5542936,Emmy STRÖMBLADMTB Täby,113,10130387986,MTB Täby,SWE,DNF,,DNF,,0,10,6,0,1,SWE,2023-10-07,https://www.sportstiming.dk/event/13186/results
13240,Musettecross 2023 Lopp 1,,,https://www.sportstiming.dk/event/13240/results,https://www.sportstiming.dk/event/13240/results/5543162,Anna PerssonStaffanstorp CK,3,,Staffanstorp CK,,,,unknown,53:26,9,21,0,0,0,SWE,2023-10-01,https://www.sportstiming.dk/event/13240/results
13240,Musettecross 2023 Lopp 1,,,https://www.sportstiming.dk/event/13240/results,https://www.sportstiming.dk/event/13240/results/5543195,Anna EriksmoBeijers Coaching CK,7,,Beijers Coaching CK,,,,unknown,54:07,9,21,0,0,0,SWE,2023-10-01,https://www.sportstiming.dk/event/13240/results
13240,Musettecross 2023 Lopp 1,,,https://www.sportstiming.dk/event/13240/results,https://www.sportstiming.dk/event/13240/results/5542573,Jessica BengtssonCK Ringen,102,,CK Ringen,,,,unknown,55:43,9,21,0,0,0,SWE,2023-10-01,https://www.sportstiming.dk/event/13240/results
13240,Musettecross 2023 Lopp 1,,,https://www.sportstiming.dk/event/13240/results,https://www.sportstiming.dk/event/13240/results/5533502,Carina BörjessonÅstorps CK,101,,Åstorps CK,,,,unknown,53:39,7,21,0,0,0,SWE,2023-10-01,https://www.sportstiming.dk/event/13240/results
12929,Varberg CX SWE-Cup #2,,,https://www.sportstiming.dk/event/12929/results,#,Signe LIDBERGCK Uni,130,10130591989,CK Uni,SWE,1,1.0,finished,25:28,2,3,2,0,0,SWE,2023-09-24,https://www.sportstiming.dk/event/12929/results
12923,Varberg CX UCI C2 SWE-Cup #1,,,https://www.sportstiming.dk/event/12923/results,#,Signe LIDBERGCK Uni,130,10130591989,CK Uni,SWE,1,1.0,finished,25:14,2,3,2,0,0,SWE,2023-09-23,https://www.sportstiming.dk/event/12923/results
11294,Cross Cup 5 Holbæk,,,https://www.sportstiming.dk/event/11294/results,https://www.sportstiming.dk/event/11294/results/4871274,Melvin PÅLSSON GUSTAFSSONFK Trampen,63,10097262587,FK TrampenFK Trampen,SWE,1,1.0,finished,37:25,5,24,16,0,0,DEN,2022-12-03,https://www.sportstiming.dk/event/11294/results
11407,Musettecross 2022 Lopp 4,,,https://www.sportstiming.dk/event/11407/results,https://www.sportstiming.dk/event/11407/results/4859816,Carina BörjessonÅstorps CK,,,Åstorps CK,,2,2.0,finished,1:00:10,4,6,4,0,0,SWE,2022-11-27,https://www.sportstiming.dk/event/11407/results
11238,SM Cykelcross 2023 Knutstorp,,,https://www.sportstiming.dk/event/11238/results,https://www.sportstiming.dk/event/11238/results/4845302,David RISBERGML Sports club,165,10022265019,ML Sports club,SWE,1,1.0,finished,59:40,8,61,37,2,3,SWE,2022-11-26,https://www.sportstiming.dk/event/11238/results
11238,SM Cykelcross 2023 Knutstorp,,,https://www.sportstiming.dk/event/11238/results,https://www.sportstiming.dk/event/11238/results/4785692,Filip MÅRDMotala AIF CK,162,10022437801,Motala AIF CK,SWE,2,2.0,finished,1:00:04,8,61,37,2,3,SWE,2022-11-26,https://www.sportstiming.dk/event/11238/results
11238,SM Cykelcross 2023 Knutstorp,,,https://www.sportstiming.dk/event/11238/results,https://www.sportstiming.dk/event/11238/results/4843553,Henrik JANSSONBAUHAUS SK,161,10010641991,BAUHAUS SK,SWE,3,3.0,finished,1:00:15,8,61,37,2,3,SWE,2022-11-26,https://www.sportstiming.dk/event/11238/results
11238,SM Cykelcross 2023 Knutstorp,,,https://www.sportstiming.dk/event/11238/results,https://www.sportstiming.dk/event/11238/results/4844183,David ErikssonMölndals CK,160,10008597315,Mölndals CK,SWE,4,4.0,finished,1:01:45,8,61,37,2,3,SWE,2022-11-26,https://www.sportstiming.dk/event/11238/results
11238,SM Cykelcross 2023 Knutstorp,,,https://www.sportstiming.dk/event/11238/results,https://www.sportstiming.dk/event/11238/results/4847713,Anton OLARSFalu CK,180,10022597041,Falu CK,SWE,5,5.0,finished,1:02:35,8,61,37,2,3,SWE,2022-11-26,https://www.sportstiming.dk/event/11238/results
11238,SM Cykelcross 2023 Knutstorp,,,https://www.sportstiming.dk/event/11238/results,https://www.sportstiming.dk/event/11238/results/4855809,Oscar LILJACK Ringen,177,10022658271,CK Ringen,SWE,6,6.0,finished,1:02:58,8,61,37,2,3,SWE,2022-11-26,https://www.sportstiming.dk/event/11238/results
11238,SM Cykelcross 2023 Knutstorp,,,https://www.sportstiming.dk/event/11238/results,https://www.sportstiming.dk/event/11238/results/4853256,Louis MONVILLECK master,174,10132708310,CK master,SWE,7,7.0,finished,1:03:01,8,61,37,2,3,SWE,2022-11-26,https://www.sportstiming.dk/event/11238/results
11238,SM Cykelcross 2023 Knutstorp,,,https://www.sportstiming.dk/event/11238/results,https://www.sportstiming.dk/event/11238/results/4843362,Isac LUNDGRENCK Ringen,178,10010993619,CK Ringen,SWE,8,8.0,finished,1:03:04,8,61,37,2,3,SWE,2022-11-26,https://www.sportstiming.dk/event/11238/results
11238,SM Cykelcross 2023 Knutstorp,,,https://www.sportstiming.dk/event/11238/results,https://www.sportstiming.dk/event/11238/results/4842554,Acke DAHLBLOMSödertälje CK,166,10022258753,Södertälje CK,SWE,9,9.0,finished,1:03:55,8,61,37,2,3,SWE,2022-11-26,https://www.sportstiming.dk/event/11238/results
11238,SM Cykelcross 2023 Knutstorp,,,https://www.sportstiming.dk/event/11238/results,https://www.sportstiming.dk/event/11238/results/4846182,Adam NYLANDERKvänums IF,170,10057742969,Kvänums IF,SWE,10,10.0,finished,1:03:57,8,61,37,2,3,SWE,2022-11-26,https://www.sportstiming.dk/event/11238/results
11238,SM Cykelcross 2023 Knutstorp,,,https://www.sportstiming.dk/event/11238/results,https://www.sportstiming.dk/event/11238/results/4844421,Dennis WAHLQVISTVincents Cycling Club,171,10007915988,Vincents Cycling Club,SWE,11,11.0,finished,1:05:34,8,61,37,2,3,SWE,2022-11-26,https://www.sportstiming.dk/event/11238/results
11238,SM Cykelcross 2023 Knutstorp,,,https://www.sportstiming.dk/event/11238/results,https://www.sportstiming.dk/event/11238/results/4806488,Sebastian PETTERSSONFinspångs CA,169,10022337262,Finspångs CA,SWE,12,12.0,finished,1:05:51,8,61,37,2,3,SWE,2022-11-26,https://www.sportstiming.dk/event/11238/results
11238,SM Cykelcross 2023 Knutstorp,,,https://www.sportstiming.dk/event/11238/results,https://www.sportstiming.dk/event/11238/results/4840127,Christoffer WALLCK Ringen,179,10015764403,CK Ringen,SWE,13,13.0,finished,1:06:12,8,61,37,2,3,SWE,2022-11-26,https://www.sportstiming.dk/event/11238/results
11238,SM Cykelcross 2023 Knutstorp,,,https://www.sportstiming.dk/event/11238/results,https://www.sportstiming.dk/event/11238/results/4843400,Niklas JAGERSTALMotala AIF CK,181,10015904748,Motala AIF CK,SWE,14,14.0,finished,1:06:45,8,61,37,2,3,SWE,2022-11-26,https://www.sportstiming.dk/event/11238/results
11238,SM Cykelcross 2023 Knutstorp,,,https://www.sportstiming.dk/event/11238/results,https://www.sportstiming.dk/event/11238/results/4846042,Erik KARLSSON LANDÉNCK Master,164,10016083186,CK Master,SWE,15,15.0,finished,1:07:37,8,61,37,2,3,SWE,2022-11-26,https://www.sportstiming.dk/event/11238/results
11238,SM Cykelcross 2023 Knutstorp,,,https://www.sportstiming.dk/event/11238/results,https://www.sportstiming.dk/event/11238/results/4845945,Gustav THOMPSONMölndals CK,175,10022432747,Mölndals CK,SWE,16,16.0,finished,1:07:39,8,61,37,2,3,SWE,2022-11-26,https://www.sportstiming.dk/event/11238/results
11238,SM Cykelcross 2023 Knutstorp,,,https://www.sportstiming.dk/event/11238/results,https://www.sportstiming.dk/event/11238/results/4843623,Albin SjögrenCK Fix,173,10101600208,CK Fix,SWE,17,17.0,finished,1:08:21,7,61,37,2,3,SWE,2022-11-26,https://www.sportstiming.dk/event/11238/results
11238,SM Cykelcross 2023 Knutstorp,,,https://www.sportstiming.dk/event/11238/results,https://www.sportstiming.dk/event/11238/results/4845988,Alvin DAHLML Sports Club,167,10022471951,ML Sports Club,SWE,DNF,,DNF,,3,61,37,2,3,SWE,2022-11-26,https://www.sportstiming.dk/event/11238/results
11238,SM Cykelcross 2023 Knutstorp,,,https://www.sportstiming.dk/event/11238/results,,7:42,ML Sports Club,8:03,ML Sports Club,,KLUBB/FÖRETAG123ML SPORTS CLUB7:428:038:39,123742803839.0,finished,,,61,37,2,3,SWE,2022-11-26,https://www.sportstiming.dk/event/11238/results
11238,SM Cykelcross 2023 Knutstorp,,,https://www.sportstiming.dk/event/11238/results,https://www.sportstiming.dk/event/11238/results/4846140,Rasmus ALMTrosabygdens OK,168,10022583705,Trosabygdens OK,SWE,DNF,,DNF,,3,61,37,2,3,SWE,2022-11-26,https://www.sportstiming.dk/event/11238/results
11238,SM Cykelcross 2023 Knutstorp,,,https://www.sportstiming.dk/event/11238/results,https://www.sportstiming.dk/event/11238/results/4846154,Albin THURESSONCK Master,176,10082680861,CK Master,SWE,DNF,,DNF,,1,61,37,2,3,SWE,2022-11-26,https://www.sportstiming.dk/event/11238/results
11238,SM Cykelcross 2023 Knutstorp,,,https://www.sportstiming.dk/event/11238/results,https://www.sportstiming.dk/event/11238/results/4839340,Lucas MOLINFalu CK,172,10022621895,Falu CK,SWE,DNS,,DNS,,0,61,37,2,3,SWE,2022-11-26,https://www.sportstiming.dk/event/11238/results
11238,SM Cykelcross 2023 Knutstorp,,,https://www.sportstiming.dk/event/11238/results,https://www.sportstiming.dk/event/11238/results/4838831,Filip STARKTeam Ormsalva AC,163,10022293513,Team Ormsalva AC,SWE,DNS,,DNS,,0,61,37,2,3,SWE,2022-11-26,https://www.sportstiming.dk/event/11238/results
11479,Varberg CX SWE-Cup #4,,,https://www.sportstiming.dk/event/11479/results,https://www.sportstiming.dk/event/11479/results/4841834,Tilde LINGMERTHEksjö Cykelklubb,95,10095164256,Eksjö Cykelklubb,SWE,1,1.0,finished,25:42,2,3,2,0,0,SWE,2022-11-20,https://www.sportstiming.dk/event/11479/results
11479,Varberg CX SWE-Cup #4,,,https://www.sportstiming.dk/event/11479/results,,4:37,Eksjö Cykelklubb,10:40,Eksjö Cykelklubb,,KLUBB/FÖRETAG012EKSJÖ CYKELKLUBB4:3710:4010:23,1243710401023.0,finished,,,3,2,0,0,SWE,2022-11-20,https://www.sportstiming.dk/event/11479/results
11386,CX Amager Cykle Ring,,,https://www.sportstiming.dk/event/11386/results,https://www.sportstiming.dk/event/11386/results/4850803,Otto GÖLANDCykelklubben Ringen,,,Cykelklubben RingenCykelklubben Ringen,,7,7.0,finished,36:57,6,21,20,0,0,DEN,2022-11-19,https://www.sportstiming.dk/event/11386/results
11386,CX Amager Cykle Ring,,,https://www.sportstiming.dk/event/11386/results,https://www.sportstiming.dk/event/11386/results/4848940,Olle SUNDBERGCK Ringen,,,CK RingenCK Ringen,,9,9.0,finished,33:28,5,21,20,0,0,DEN,2022-11-19,https://www.sportstiming.dk/event/11386/results
11386,CX Amager Cykle Ring,,,https://www.sportstiming.dk/event/11386/results,,CK Ringen,,,CK Ringen,,KLUBB/FÖRETAGGENOMSNITTLIGSNABBASTELÅNGSAMMASTEPOÄNGCK RINGEN1,1.0,finished,,,21,20,0,0,DEN,2022-11-19,https://www.sportstiming.dk/event/11386/results
11478,Varberg CX SWE-Cup #3,,,https://www.sportstiming.dk/event/11478/results,#,Tilde LINGMERTHEksjö Cykelklubb,95,10095164256,Eksjö Cykelklubb,SWE,1,1.0,finished,22:33,2,3,2,0,0,SWE,2022-11-19,https://www.sportstiming.dk/event/11478/results
11478,Varberg CX SWE-Cup #3,,,https://www.sportstiming.dk/event/11478/results,,0:06,Eksjö Cykelklubb,11:07,Eksjö Cykelklubb,,KLUBB/FÖRETAG012EKSJÖ CYKELKLUBB0:0611:0711:18,1200611071118.0,finished,,,3,2,0,0,SWE,2022-11-19,https://www.sportstiming.dk/event/11478/results
11305,Börjessons CX-Pokal #4 Alingsås,,,https://www.sportstiming.dk/event/11305/results,https://www.sportstiming.dk/event/11305/results/4811005,Tilde LINGMERTHEksjö Cykelklubb,31,10095164256,Eksjö Cykelklubb,SWE,1,1.0,finished,19:19,3,6,4,0,0,SWE,2022-11-13,https://www.sportstiming.dk/event/11305/results
11305,Börjessons CX-Pokal #4 Alingsås,,,https://www.sportstiming.dk/event/11305/results,https://www.sportstiming.dk/event/11305/results/4825510,Ella PÅLSSON GUSTAFSSONFK Trampen,32,10132559069,FK Trampen,SWE,2,2.0,finished,24:29,3,6,4,0,0,SWE,2022-11-13,https://www.sportstiming.dk/event/11305/results
11574,Musettecross 2022 Lopp 3,,,https://www.sportstiming.dk/event/11574/results,https://www.sportstiming.dk/event/11574/results/4835212,Anna PerssonStaffanstorp CK,,,Staffanstorp CK,,1,1.0,finished,56:13,6,18,12,0,0,SWE,2022-11-13,https://www.sportstiming.dk/event/11574/results
11574,Musettecross 2022 Lopp 3,,,https://www.sportstiming.dk/event/11574/results,https://www.sportstiming.dk/event/11574/results/4837847,Jessica BengtssonMusette,,,Musette,,3,3.0,finished,54:09,5,18,12,0,0,SWE,2022-11-13,https://www.sportstiming.dk/event/11574/results
11574,Musettecross 2022 Lopp 3,,,https://www.sportstiming.dk/event/11574/results,https://www.sportstiming.dk/event/11574/results/4837828,Carina BörjessonÅstorps CK,,,Åstorps CK,,5,5.0,finished,51:25,4,18,12,0,0,SWE,2022-11-13,https://www.sportstiming.dk/event/11574/results
11278,Börjessons CX-Pokal #3 Alingsås,,,https://www.sportstiming.dk/event/11278/results,https://www.sportstiming.dk/event/11278/results/4811002,Tilde LINGMERTHEksjö Cykelklubb,31,10095164256,Eksjö Cykelklubb,SWE,1,1.0,finished,23:48,4,4,3,0,0,SWE,2022-11-12,https://www.sportstiming.dk/event/11278/results
11278,Börjessons CX-Pokal #3 Alingsås,,,https://www.sportstiming.dk/event/11278/results,https://www.sportstiming.dk/event/11278/results/4825503,Ella PÅLSSON GUSTAFSSONFK Trampen,32,10132559069,FK Trampen,SWE,2,2.0,finished,30:30,4,4,3,0,0,SWE,2022-11-12,https://www.sportstiming.dk/event/11278/results
11467,Musettecross 2022 Lopp 2,,,https://www.sportstiming.dk/event/11467/results,https://www.sportstiming.dk/event/11467/results/4786250,Carina BörjessonÅstorps CK,,,Åstorps CK,,4,4.0,finished,51:15,4,12,8,0,0,SWE,2022-10-30,https://www.sportstiming.dk/event/11467/results
11399,Musettecross 2022 Lopp 1,,,https://www.sportstiming.dk/event/11399/results,https://www.sportstiming.dk/event/11399/results/4772260,Jessica BengtssonMusette,,,Musette,,2,2.0,finished,52:56,6,9,6,0,0,SWE,2022-10-16,https://www.sportstiming.dk/event/11399/results
11399,Musettecross 2022 Lopp 1,,,https://www.sportstiming.dk/event/11399/results,https://www.sportstiming.dk/event/11399/results/4772215,Carina BörjessonÅstorps CK,,,Åstorps CK,,3,3.0,finished,57:50,5,9,6,0,0,SWE,2022-10-16,https://www.sportstiming.dk/event/11399/results
11262,Stockholm CX UCI C2 SWECUP,,,https://www.sportstiming.dk/event/11262/results,#,Tilde LINGMERTHEksjö Cykelklubb,111,10095164256,Eksjö Cykelklubb,SWE,1,1.0,finished,16:52,2,9,6,0,0,SWE,2022-10-16,https://www.sportstiming.dk/event/11262/results
11262,Stockholm CX UCI C2 SWECUP,,,https://www.sportstiming.dk/event/11262/results,,8:21,Eksjö Cykelklubb,8:14,Eksjö Cykelklubb,,KLUBBGENOMSNITTLIGSNABBASTELÅNGSAMMASTEEKSJÖ CYKELKLUBB8:218:148:29,821814829.0,finished,,,9,6,0,0,SWE,2022-10-16,https://www.sportstiming.dk/event/11262/results
11262,Stockholm CX UCI C2 SWECUP,,,https://www.sportstiming.dk/event/11262/results,#,Signe LIDBERGCykelklubben Uni,112,10130591989,Cykelklubben Uni,SWE,2,2.0,finished,22:18,2,9,6,0,0,SWE,2022-10-16,https://www.sportstiming.dk/event/11262/results
11262,Stockholm CX UCI C2 SWECUP,,,https://www.sportstiming.dk/event/11262/results,#,Maja HagmanJärfälla CK,114,10131320095,Järfälla CK,SWE,3,3.0,finished,24:19,2,9,6,0,0,SWE,2022-10-16,https://www.sportstiming.dk/event/11262/results
11262,Stockholm CX UCI C2 SWECUP,,,https://www.sportstiming.dk/event/11262/results,,12:02,Järfälla CK,11:32,Järfälla CK,,KLUBBGENOMSNITTLIGSNABBASTELÅNGSAMMASTEJÄRFÄLLA CK12:0211:3212:33,120211321233.0,finished,,,9,6,0,0,SWE,2022-10-16,https://www.sportstiming.dk/event/11262/results
11218,CX Täby Park UCI C2 SWECUP,,,https://www.sportstiming.dk/event/11218/results,#,Tilde LINGMERTHEksjö Cykelklubb,111,10095164256,Eksjö Cykelklubb,SWE,1,1.0,finished,17:27,2,12,8,0,0,SWE,2022-10-15,https://www.sportstiming.dk/event/11218/results
11218,CX Täby Park UCI C2 SWECUP,,,https://www.sportstiming.dk/event/11218/results,,8:02,Eksjö Cykelklubb,8:01,Eksjö Cykelklubb,,KLUBBGENOMSNITTLIGSNABBASTELÅNGSAMMASTEEKSJÖ CYKELKLUBB8:028:018:02,802801802.0,finished,,,12,8,0,0,SWE,2022-10-15,https://www.sportstiming.dk/event/11218/results
11218,CX Täby Park UCI C2 SWECUP,,,https://www.sportstiming.dk/event/11218/results,#,Nora DECKNERTyresö Cykelklubb,113,10117071910,Tyresö Cykelklubb,SWE,2,2.0,finished,20:14,2,12,8,0,0,SWE,2022-10-15,https://www.sportstiming.dk/event/11218/results
11218,CX Täby Park UCI C2 SWECUP,,,https://www.sportstiming.dk/event/11218/results,#,Signe LIDBERGCykelklubben Uni,112,10130591989,Cykelklubben Uni,SWE,3,3.0,finished,24:03,2,12,8,0,0,SWE,2022-10-15,https://www.sportstiming.dk/event/11218/results
11218,CX Täby Park UCI C2 SWECUP,,,https://www.sportstiming.dk/event/11218/results,#,Maja HAGMANJärfälla Cykel Klubb,114,10131320095,Järfälla Cykel Klubb,SWE,4,4.0,finished,26:23,2,12,8,0,0,SWE,2022-10-15,https://www.sportstiming.dk/event/11218/results
11218,CX Täby Park UCI C2 SWECUP,,,https://www.sportstiming.dk/event/11218/results,,12:28,Järfälla Cykel Klubb,11:49,Järfälla Cykel Klubb,,KLUBBGENOMSNITTLIGSNABBASTELÅNGSAMMASTEJÄRFÄLLA CYKEL KLUBB12:2811:4913:08,122811491308.0,finished,,,12,8,0,0,SWE,2022-10-15,https://www.sportstiming.dk/event/11218/results
11331,CX Skrænten CC,,,https://www.sportstiming.dk/event/11331/results,https://www.sportstiming.dk/event/11331/results/4757759,Melvin PÅLSSON GUSTAFSSONFK Trampen,51,10097262587,FK TrampenFK Trampen,SWE,2,2.0,finished,31:28,5,39,25,0,1,DEN,2022-10-09,https://www.sportstiming.dk/event/11331/results
11331,CX Skrænten CC,,,https://www.sportstiming.dk/event/11331/results,https://www.sportstiming.dk/event/11331/results/4756854,Olle SUNDBERGCK Ringen,52,10097490034,CK RingenCK Ringen,SWE,8,8.0,finished,34:37,5,39,25,0,1,DEN,2022-10-09,https://www.sportstiming.dk/event/11331/results
11221,Hagströmska CX-pokalen sön,,,https://www.sportstiming.dk/event/11221/results,https://www.sportstiming.dk/event/11221/results/4748635,Oskar LILJEROSVästerås Cykelklubb,32,10094978643,Västerås Cykelklubb,SWE,1,1.0,finished,19:06,3,22,14,1,0,SWE,2022-10-02,https://www.sportstiming.dk/event/11221/results
11221,Hagströmska CX-pokalen sön,,,https://www.sportstiming.dk/event/11221/results,https://www.sportstiming.dk/event/11221/results/4743515,Henry HELLMANIdrottsklubben Jarl Rättvik,31,10093415529,Idrottsklubben Jarl Rättvik,SWE,2,2.0,finished,19:41,3,22,14,1,0,SWE,2022-10-02,https://www.sportstiming.dk/event/11221/results
11221,Hagströmska CX-pokalen sön,,,https://www.sportstiming.dk/event/11221/results,https://www.sportstiming.dk/event/11221/results/4747219,Hjalmar ERIKSSONCykelklubben Dainon,29,10119746177,Cykelklubben Dainon,SWE,3,3.0,finished,20:15,3,22,14,1,0,SWE,2022-10-02,https://www.sportstiming.dk/event/11221/results
11221,Hagströmska CX-pokalen sön,,,https://www.sportstiming.dk/event/11221/results,https://www.sportstiming.dk/event/11221/results/4741989,Linus LANDHFalu Cykelklubb,27,10094976724,Falu Cykelklubb,SWE,4,4.0,finished,23:25,3,22,14,1,0,SWE,2022-10-02,https://www.sportstiming.dk/event/11221/results
11221,Hagströmska CX-pokalen sön,,,https://www.sportstiming.dk/event/11221/results,https://www.sportstiming.dk/event/11221/results/4741997,Axel LINDAHLFalu Cykelklubb,26,10129478412,Falu Cykelklubb,SWE,5,5.0,finished,24:29,3,22,14,1,0,SWE,2022-10-02,https://www.sportstiming.dk/event/11221/results
11221,Hagströmska CX-pokalen sön,,,https://www.sportstiming.dk/event/11221/results,https://www.sportstiming.dk/event/11221/results/4748547,Ivar SCHEDVINFalu Cykelklubb,33,10119942201,Falu Cykelklubb,SWE,6,6.0,finished,25:57,3,22,14,1,0,SWE,2022-10-02,https://www.sportstiming.dk/event/11221/results
11221,Hagströmska CX-pokalen sön,,,https://www.sportstiming.dk/event/11221/results,https://www.sportstiming.dk/event/11221/results/4752834,Oskar KumlinTäby Mtb,35,,Täby Mtb,SWE,7,7.0,finished,28:04,3,22,14,1,0,SWE,2022-10-02,https://www.sportstiming.dk/event/11221/results
11221,Hagströmska CX-pokalen sön,,,https://www.sportstiming.dk/event/11221/results,https://www.sportstiming.dk/event/11221/results/4748546,Melvin TYNELL FYHRFalu Cykelklubb,28,10117330069,Falu Cykelklubb,SWE,DNS,,DNS,,0,22,14,1,0,SWE,2022-10-02,https://www.sportstiming.dk/event/11221/results
11220,Hagströmska CX-pokalen lör,,,https://www.sportstiming.dk/event/11220/results,https://www.sportstiming.dk/event/11220/results/4748625,Oskar LILJEROSVästerås Cykelklubb,32,10094978643,Västerås Cykelklubb,SWE,1,1.0,finished,18:50,3,28,18,1,0,SWE,2022-10-01,https://www.sportstiming.dk/event/11220/results
11220,Hagströmska CX-pokalen lör,,,https://www.sportstiming.dk/event/11220/results,https://www.sportstiming.dk/event/11220/results/4743512,Henry HELLMANIdrottsklubben Jarl Rättvik,31,10093415529,Idrottsklubben Jarl Rättvik,SWE,2,2.0,finished,19:23,3,28,18,1,0,SWE,2022-10-01,https://www.sportstiming.dk/event/11220/results
11220,Hagströmska CX-pokalen lör,,,https://www.sportstiming.dk/event/11220/results,https://www.sportstiming.dk/event/11220/results/4747210,Hjalmar ERIKSSONCykelklubben Dainon,29,10119746177,Cykelklubben Dainon,SWE,3,3.0,finished,19:32,3,28,18,1,0,SWE,2022-10-01,https://www.sportstiming.dk/event/11220/results
11220,Hagströmska CX-pokalen lör,,,https://www.sportstiming.dk/event/11220/results,https://www.sportstiming.dk/event/11220/results/4746785,Thor STENHAMMAROK Hammaren,34,10095163044,OK Hammaren,SWE,4,4.0,finished,21:50,3,28,18,1,0,SWE,2022-10-01,https://www.sportstiming.dk/event/11220/results
11220,Hagströmska CX-pokalen lör,,,https://www.sportstiming.dk/event/11220/results,https://www.sportstiming.dk/event/11220/results/4741962,Linus LANDHFalu Cykelklubb,27,10094976724,Falu Cykelklubb,SWE,5,5.0,finished,21:55,3,28,18,1,0,SWE,2022-10-01,https://www.sportstiming.dk/event/11220/results
11220,Hagströmska CX-pokalen lör,,,https://www.sportstiming.dk/event/11220/results,https://www.sportstiming.dk/event/11220/results/4746786,Theo STENHAMMAROK Hammaren,30,10095163145,OK Hammaren,SWE,6,6.0,finished,22:52,3,28,18,1,0,SWE,2022-10-01,https://www.sportstiming.dk/event/11220/results
11220,Hagströmska CX-pokalen lör,,,https://www.sportstiming.dk/event/11220/results,https://www.sportstiming.dk/event/11220/results/4741970,Axel LINDAHLFalu Cykelklubb,26,10129478412,Falu Cykelklubb,SWE,7,7.0,finished,23:33,3,28,18,1,0,SWE,2022-10-01,https://www.sportstiming.dk/event/11220/results
11220,Hagströmska CX-pokalen lör,,,https://www.sportstiming.dk/event/11220/results,https://www.sportstiming.dk/event/11220/results/4748538,Ivar SCHEDVINFalu Cykelklubb,33,10119942201,Falu Cykelklubb,SWE,8,8.0,finished,24:17,3,28,18,1,0,SWE,2022-10-01,https://www.sportstiming.dk/event/11220/results
11220,Hagströmska CX-pokalen lör,,,https://www.sportstiming.dk/event/11220/results,https://www.sportstiming.dk/event/11220/results/4752809,Oskar KumlinMtb Täby,35,,Mtb Täby,SWE,9,9.0,finished,26:54,3,28,18,1,0,SWE,2022-10-01,https://www.sportstiming.dk/event/11220/results
11220,Hagströmska CX-pokalen lör,,,https://www.sportstiming.dk/event/11220/results,https://www.sportstiming.dk/event/11220/results/4748537,Melvin TYNELL FYHRFalu Cykelklubb,28,10117330069,Falu Cykelklubb,SWE,DNS,,DNS,,0,28,18,1,0,SWE,2022-10-01,https://www.sportstiming.dk/event/11220/results
9771,"CYCLOCROSS FINALER i SWE CUP, SCF Ungdoms CUP och SCF Master CUP",,,https://www.sportstiming.dk/event/9771/results,#,Oliver JanssonÅstorps Cykelklubb,11,10107472344,Åstorps Cykelklubb,SWE,2,2.0,finished,33:50,5,6,4,0,0,SWE,2021-12-12,https://www.sportstiming.dk/event/9771/results
9761,RING KNUTSTORP CYCLOCROSS CX-POKALEN FINAL!,,,https://www.sportstiming.dk/event/9761/results,#,Oliver JanssonÅstorps Cykelklubb,10,10107472344,Åstorps Cykelklubb,SWE,2,2.0,finished,39:51,5,6,4,0,0,SWE,2021-12-11,https://www.sportstiming.dk/event/9761/results
9751,Svenska Mästerskapen i Cykelcross 2022 sön,,,https://www.sportstiming.dk/event/9751/results,#,David ERIKSSONGiro Cycle Club,134,10008597315,Giro Cycle Club,SWE,1,1.0,finished,58:34,8,27,15,3,1,SWE,2021-11-21,https://www.sportstiming.dk/event/9751/results
9751,Svenska Mästerskapen i Cykelcross 2022 sön,,,https://www.sportstiming.dk/event/9751/results,,7:18,Giro Cycle Club,7:00,Giro Cycle Club,,KLUBBGENOMSNITTLIGSNABBASTELÅNGSAMMASTEGIRO CYCLE CLUB7:187:007:46,718700746.0,finished,,,27,15,3,1,SWE,2021-11-21,https://www.sportstiming.dk/event/9751/results
9751,Svenska Mästerskapen i Cykelcross 2022 sön,,,https://www.sportstiming.dk/event/9751/results,#,Filip MÅRDKIA Cycling Team Cykelklubb,136,10022437801,KIA Cycling Team Cykelklubb,SWE,2,2.0,finished,59:18,8,27,15,3,1,SWE,2021-11-21,https://www.sportstiming.dk/event/9751/results
9751,Svenska Mästerskapen i Cykelcross 2022 sön,,,https://www.sportstiming.dk/event/9751/results,#,Henrik JANSSONHiQ Sports Club,140,10010641991,HiQ Sports Club,SWE,3,3.0,finished,59:54,8,27,15,3,1,SWE,2021-11-21,https://www.sportstiming.dk/event/9751/results
9751,Svenska Mästerskapen i Cykelcross 2022 sön,,,https://www.sportstiming.dk/event/9751/results,#,Emil LINDGRENTeam Ormsalva Athletic Club,138,10022577641,Team Ormsalva Athletic Club,SWE,4,4.0,finished,59:56,8,27,15,3,1,SWE,2021-11-21,https://www.sportstiming.dk/event/9751/results
9751,Svenska Mästerskapen i Cykelcross 2022 sön,,,https://www.sportstiming.dk/event/9751/results,,7:28,Team Ormsalva Athletic Club,7:08,Team Ormsalva Athletic Club,,KLUBBGENOMSNITTLIGSNABBASTELÅNGSAMMASTETEAM ORMSALVA ATHLETIC CLUB7:287:087:38,728708738.0,finished,,,27,15,3,1,SWE,2021-11-21,https://www.sportstiming.dk/event/9751/results
9751,Svenska Mästerskapen i Cykelcross 2022 sön,,,https://www.sportstiming.dk/event/9751/results,#,Filip STARKTeam Ormsalva Athletic Club,137,10022293513,Team Ormsalva Athletic Club,SWE,5,5.0,finished,1:01:29,8,27,15,3,1,SWE,2021-11-21,https://www.sportstiming.dk/event/9751/results
9751,Svenska Mästerskapen i Cykelcross 2022 sön,,,https://www.sportstiming.dk/event/9751/results,,7:40,Team Ormsalva Athletic Club,7:08,Team Ormsalva Athletic Club,,KLUBBGENOMSNITTLIGSNABBASTELÅNGSAMMASTETEAM ORMSALVA ATHLETIC CLUB7:407:088:04,740708804.0,finished,,,27,15,3,1,SWE,2021-11-21,https://www.sportstiming.dk/event/9751/results
9751,Svenska Mästerskapen i Cykelcross 2022 sön,,,https://www.sportstiming.dk/event/9751/results,#,Erik KARLSSON LANDÉNCykelklubben Master,139,10016083186,Cykelklubben Master,SWE,6,6.0,finished,1:02:02,8,27,15,3,1,SWE,2021-11-21,https://www.sportstiming.dk/event/9751/results
9751,Svenska Mästerskapen i Cykelcross 2022 sön,,,https://www.sportstiming.dk/event/9751/results,#,Viktor LYCHOUJärfälla Cykel Klubb,141,10104785747,Järfälla Cykel Klubb,SWE,7,7.0,finished,59:05,7,27,15,3,1,SWE,2021-11-21,https://www.sportstiming.dk/event/9751/results
9751,Svenska Mästerskapen i Cykelcross 2022 sön,,,https://www.sportstiming.dk/event/9751/results,,8:25,Järfälla Cykel Klubb,7:42,Järfälla Cykel Klubb,,KLUBBGENOMSNITTLIGSNABBASTELÅNGSAMMASTEJÄRFÄLLA CYKEL KLUBB8:257:428:43,825742843.0,finished,,,27,15,3,1,SWE,2021-11-21,https://www.sportstiming.dk/event/9751/results
9751,Svenska Mästerskapen i Cykelcross 2022 sön,,,https://www.sportstiming.dk/event/9751/results,#,Fredrik VÄPPLINGKolmårdens Mountainbike Klubb,143,10060237283,Kolmårdens Mountainbike Klubb,SWE,DNF,,DNF,26:12,3,27,15,3,1,SWE,2021-11-21,https://www.sportstiming.dk/event/9751/results
9751,Svenska Mästerskapen i Cykelcross 2022 sön,,,https://www.sportstiming.dk/event/9751/results,#,Hugo HASSELLUNDIdrottsklubben Hakarpspojkarna,,10055019794,Idrottsklubben Hakarpspojkarna,SWE,DNS,,DNS,,0,27,15,3,1,SWE,2021-11-21,https://www.sportstiming.dk/event/9751/results
9751,Svenska Mästerskapen i Cykelcross 2022 sön,,,https://www.sportstiming.dk/event/9751/results,#,Carl KAGEVIKIA Cycling Team Cykelklubb,135,10022297452,KIA Cycling Team Cykelklubb,SWE,DNS,,DNS,,0,27,15,3,1,SWE,2021-11-21,https://www.sportstiming.dk/event/9751/results
9751,Svenska Mästerskapen i Cykelcross 2022 sön,,,https://www.sportstiming.dk/event/9751/results,#,Matthias WENGELINLänna Sport Cykelklubb,142,10004638200,Länna Sport Cykelklubb,SWE,DNS,,DNS,,0,27,15,3,1,SWE,2021-11-21,https://www.sportstiming.dk/event/9751/results
9751,Svenska Mästerskapen i Cykelcross 2022 sön,,,https://www.sportstiming.dk/event/9751/results,#,David ERIKSSONGiro Cycle Club,134,10008597315,Giro Cycle Club,SWE,1,1.0,finished,58:34,8,27,15,3,1,SWE,2021-11-21,https://www.sportstiming.dk/event/9751/results
9751,Svenska Mästerskapen i Cykelcross 2022 sön,,,https://www.sportstiming.dk/event/9751/results,,7:18,Giro Cycle Club,7:00,Giro Cycle Club,,KLUBBGENOMSNITTLIGSNABBASTELÅNGSAMMASTEGIRO CYCLE CLUB7:187:007:46,718700746.0,finished,,,27,15,3,1,SWE,2021-11-21,https://www.sportstiming.dk/event/9751/results
9751,Svenska Mästerskapen i Cykelcross 2022 sön,,,https://www.sportstiming.dk/event/9751/results,#,Filip MÅRDKIA Cycling Team Cykelklubb,136,10022437801,KIA Cycling Team Cykelklubb,SWE,2,2.0,finished,59:18,8,27,15,3,1,SWE,2021-11-21,https://www.sportstiming.dk/event/9751/results
9751,Svenska Mästerskapen i Cykelcross 2022 sön,,,https://www.sportstiming.dk/event/9751/results,#,Henrik JANSSONHiQ Sports Club,140,10010641991,HiQ Sports Club,SWE,3,3.0,finished,59:54,8,27,15,3,1,SWE,2021-11-21,https://www.sportstiming.dk/event/9751/results
9751,Svenska Mästerskapen i Cykelcross 2022 sön,,,https://www.sportstiming.dk/event/9751/results,#,Emil LINDGRENTeam Ormsalva Athletic Club,138,10022577641,Team Ormsalva Athletic Club,SWE,4,4.0,finished,59:56,8,27,15,3,1,SWE,2021-11-21,https://www.sportstiming.dk/event/9751/results
9751,Svenska Mästerskapen i Cykelcross 2022 sön,,,https://www.sportstiming.dk/event/9751/results,,7:28,Team Ormsalva Athletic Club,7:08,Team Ormsalva Athletic Club,,KLUBBGENOMSNITTLIGSNABBASTELÅNGSAMMASTETEAM ORMSALVA ATHLETIC CLUB7:287:087:38,728708738.0,finished,,,27,15,3,1,SWE,2021-11-21,https://www.sportstiming.dk/event/9751/results
9751,Svenska Mästerskapen i Cykelcross 2022 sön,,,https://www.sportstiming.dk/event/9751/results,#,Filip STARKTeam Ormsalva Athletic Club,137,10022293513,Team Ormsalva Athletic Club,SWE,5,5.0,finished,1:01:29,8,27,15,3,1,SWE,2021-11-21,https://www.sportstiming.dk/event/9751/results
9751,Svenska Mästerskapen i Cykelcross 2022 sön,,,https://www.sportstiming.dk/event/9751/results,,7:40,Team Ormsalva Athletic Club,7:08,Team Ormsalva Athletic Club,,KLUBBGENOMSNITTLIGSNABBASTELÅNGSAMMASTETEAM ORMSALVA ATHLETIC CLUB7:407:088:04,740708804.0,finished,,,27,15,3,1,SWE,2021-11-21,https://www.sportstiming.dk/event/9751/results
9751,Svenska Mästerskapen i Cykelcross 2022 sön,,,https://www.sportstiming.dk/event/9751/results,#,Erik KARLSSON LANDÉNCykelklubben Master,139,10016083186,Cykelklubben Master,SWE,6,6.0,finished,1:02:02,8,27,15,3,1,SWE,2021-11-21,https://www.sportstiming.dk/event/9751/results
9751,Svenska Mästerskapen i Cykelcross 2022 sön,,,https://www.sportstiming.dk/event/9751/results,#,Viktor LYCHOUJärfälla Cykel Klubb,141,10104785747,Järfälla Cykel Klubb,SWE,7,7.0,finished,59:05,7,27,15,3,1,SWE,2021-11-21,https://www.sportstiming.dk/event/9751/results
9751,Svenska Mästerskapen i Cykelcross 2022 sön,,,https://www.sportstiming.dk/event/9751/results,,8:25,Järfälla Cykel Klubb,7:42,Järfälla Cykel Klubb,,KLUBBGENOMSNITTLIGSNABBASTELÅNGSAMMASTEJÄRFÄLLA CYKEL KLUBB8:257:428:43,825742843.0,finished,,,27,15,3,1,SWE,2021-11-21,https://www.sportstiming.dk/event/9751/results
9751,Svenska Mästerskapen i Cykelcross 2022 sön,,,https://www.sportstiming.dk/event/9751/results,#,Fredrik VÄPPLINGKolmårdens Mountainbike Klubb,143,10060237283,Kolmårdens Mountainbike Klubb,SWE,DNF,,DNF,26:12,3,27,15,3,1,SWE,2021-11-21,https://www.sportstiming.dk/event/9751/results
9751,Svenska Mästerskapen i Cykelcross 2022 sön,,,https://www.sportstiming.dk/event/9751/results,#,Hugo HASSELLUNDIdrottsklubben Hakarpspojkarna,,10055019794,Idrottsklubben Hakarpspojkarna,SWE,DNS,,DNS,,0,27,15,3,1,SWE,2021-11-21,https://www.sportstiming.dk/event/9751/results
9751,Svenska Mästerskapen i Cykelcross 2022 sön,,,https://www.sportstiming.dk/event/9751/results,#,Carl KAGEVIKIA Cycling Team Cykelklubb,135,10022297452,KIA Cycling Team Cykelklubb,SWE,DNS,,DNS,,0,27,15,3,1,SWE,2021-11-21,https://www.sportstiming.dk/event/9751/results
9751,Svenska Mästerskapen i Cykelcross 2022 sön,,,https://www.sportstiming.dk/event/9751/results,#,Matthias WENGELINLänna Sport Cykelklubb,142,10004638200,Länna Sport Cykelklubb,SWE,DNS,,DNS,,0,27,15,3,1,SWE,2021-11-21,https://www.sportstiming.dk/event/9751/results
9718,Varberg Cyclocross SWE Cup CX 2021,,,https://www.sportstiming.dk/event/9718/results,https://www.sportstiming.dk/event/9718/results/4103872,Oliver JanssonÅstorps CK,35,10107472344,Åstorps CK,SWE,1,1.0,finished,15:14,2,20,13,0,1,SWE,2021-11-14,https://www.sportstiming.dk/event/9718/results
9718,Varberg Cyclocross SWE Cup CX 2021,,,https://www.sportstiming.dk/event/9718/results,https://www.sportstiming.dk/event/9718/results/4106121,Oliver EmanuelssonCK Wänershof,148,,CK Wänershof,SWE,2,2.0,finished,15:14,2,20,13,0,1,SWE,2021-11-14,https://www.sportstiming.dk/event/9718/results
9718,Varberg Cyclocross SWE Cup CX 2021,,,https://www.sportstiming.dk/event/9718/results,https://www.sportstiming.dk/event/9718/results/4103868,Hugo DahlbergIK Trasten,31,10080678217,IK Trasten,SWE,3,3.0,finished,17:05,2,20,13,0,1,SWE,2021-11-14,https://www.sportstiming.dk/event/9718/results
9718,Varberg Cyclocross SWE Cup CX 2021,,,https://www.sportstiming.dk/event/9718/results,https://www.sportstiming.dk/event/9718/results/4103871,Vidar HelmvikÅstorps CK,34,10116672388,Åstorps CK,SWE,4,4.0,finished,18:56,2,20,13,0,1,SWE,2021-11-14,https://www.sportstiming.dk/event/9718/results
9718,Varberg Cyclocross SWE Cup CX 2021,,,https://www.sportstiming.dk/event/9718/results,https://www.sportstiming.dk/event/9718/results/4103873,Albin StenbäckenIK Trasten,36,10119986556,IK Trasten,SWE,5,5.0,finished,19:37,2,20,13,0,1,SWE,2021-11-14,https://www.sportstiming.dk/event/9718/results
9718,Varberg Cyclocross SWE Cup CX 2021,,,https://www.sportstiming.dk/event/9718/results,https://www.sportstiming.dk/event/9718/results/4103870,Nils Svensson JosefssonCK Master,33,10107394845,CK Master,SWE,6,6.0,finished,21:58,2,20,13,0,1,SWE,2021-11-14,https://www.sportstiming.dk/event/9718/results
9718,Varberg Cyclocross SWE Cup CX 2021,,,https://www.sportstiming.dk/event/9718/results,https://www.sportstiming.dk/event/9718/results/4103869,Elis RydhIK Trasten,32,10058362153,IK Trasten,SWE,DNF,,DNF,,0,20,13,0,1,SWE,2021-11-14,https://www.sportstiming.dk/event/9718/results
9715,Varberg Cyclocross CX Pokalen 2021,,,https://www.sportstiming.dk/event/9715/results,https://www.sportstiming.dk/event/9715/results/4103782,Tilde LingmerthEksjö CK,76,10095164256,Eksjö CK,SWE,1,1.0,finished,18:04,2,12,8,0,0,SWE,2021-11-13,https://www.sportstiming.dk/event/9715/results
9715,Varberg Cyclocross CX Pokalen 2021,,,https://www.sportstiming.dk/event/9715/results,,0:07,Eksjö CK,8:49,Eksjö CK,,KLUBB012EKSJÖ CK0:078:499:07,12007849907.0,finished,,,12,8,0,0,SWE,2021-11-13,https://www.sportstiming.dk/event/9715/results
9715,Varberg Cyclocross CX Pokalen 2021,,,https://www.sportstiming.dk/event/9715/results,https://www.sportstiming.dk/event/9715/results/4103770,Filippa PernsäterBorås CA,78,10076270272,Borås CA,SWE,2,2.0,finished,19:28,2,12,8,0,0,SWE,2021-11-13,https://www.sportstiming.dk/event/9715/results
9715,Varberg Cyclocross CX Pokalen 2021,,,https://www.sportstiming.dk/event/9715/results,,0:07,Borås CA,9:22,Borås CA,,KLUBB012BORÅS CA0:079:229:57,12007922957.0,finished,,,12,8,0,0,SWE,2021-11-13,https://www.sportstiming.dk/event/9715/results
9715,Varberg Cyclocross CX Pokalen 2021,,,https://www.sportstiming.dk/event/9715/results,https://www.sportstiming.dk/event/9715/results/4103841,Elma BerndtÅstorps CK,77,10119978472,Åstorps CK,SWE,3,3.0,finished,20:49,2,12,8,0,0,SWE,2021-11-13,https://www.sportstiming.dk/event/9715/results
9715,Varberg Cyclocross CX Pokalen 2021,,,https://www.sportstiming.dk/event/9715/results,,0:07,Åstorps CK,9:47,Åstorps CK,,KLUBB012ÅSTORPS CK0:079:4710:53,120079471053.0,finished,,,12,8,0,0,SWE,2021-11-13,https://www.sportstiming.dk/event/9715/results
9715,Varberg Cyclocross CX Pokalen 2021,,,https://www.sportstiming.dk/event/9715/results,https://www.sportstiming.dk/event/9715/results/4103834,Izabella JansenUddevalla CK,79,10116461921,Uddevalla CK,SWE,4,4.0,finished,24:50,2,12,8,0,0,SWE,2021-11-13,https://www.sportstiming.dk/event/9715/results
9647,UppsalaCrossen SWE Cup,,,https://www.sportstiming.dk/event/9647/results,#,Linus LANDHFalu Cykelklubb,351,,Falu Cykelklubb,,1,1.0,finished,"21:13,84",2,6,4,0,0,SWE,2021-10-24,https://www.sportstiming.dk/event/9647/results
9647,UppsalaCrossen SWE Cup,,,https://www.sportstiming.dk/event/9647/results,#,Oskar KumlinMTB Täby,352,,MTB Täby,,2,2.0,finished,"23:21,75",2,6,4,0,0,SWE,2021-10-24,https://www.sportstiming.dk/event/9647/results
9648,UppsalaCrossen CX-Pokalen,,,https://www.sportstiming.dk/event/9648/results,#,Anton CAPIEAUKnivsta CK,122,10107251668,Knivsta CK,,1,1.0,finished,"20:51,49",2,6,4,0,0,SWE,2021-10-23,https://www.sportstiming.dk/event/9648/results
9648,UppsalaCrossen CX-Pokalen,,,https://www.sportstiming.dk/event/9648/results,#,Linus LANDHFalu Cykelklubb,121,10094976724,Falu Cykelklubb,,2,2.0,finished,"21:27,66",2,6,4,0,0,SWE,2021-10-23,https://www.sportstiming.dk/event/9648/results
9403,Stockholm Cyclocross Weekend - Stockholm Cyclocross,,,https://www.sportstiming.dk/event/9403/results,#,Ellen FELLDINVästerås Cykelklubb,103,10081410969,Västerås Cykelklubb,SWE,1,1.0,finished,24:38,3,15,10,0,0,SWE,2021-10-10,https://www.sportstiming.dk/event/9403/results
9403,Stockholm Cyclocross Weekend - Stockholm Cyclocross,,,https://www.sportstiming.dk/event/9403/results,,8:09,Västerås Cykelklubb,8:05,Västerås Cykelklubb,,KLUBBGENOMSNITTLIGSNABBASTELÅNGSAMMASTEVÄSTERÅS CYKELKLUBB8:098:058:12,809805812.0,finished,,,15,10,0,0,SWE,2021-10-10,https://www.sportstiming.dk/event/9403/results
9403,Stockholm Cyclocross Weekend - Stockholm Cyclocross,,,https://www.sportstiming.dk/event/9403/results,#,Tilde LINGMERTHEksjö CK,101,10095164256,Eksjö CK,SWE,2,2.0,finished,24:51,3,15,10,0,0,SWE,2021-10-10,https://www.sportstiming.dk/event/9403/results
9403,Stockholm Cyclocross Weekend - Stockholm Cyclocross,,,https://www.sportstiming.dk/event/9403/results,,8:13,Eksjö CK,8:09,Eksjö CK,,KLUBBGENOMSNITTLIGSNABBASTELÅNGSAMMASTEEKSJÖ CK8:138:098:16,813809816.0,finished,,,15,10,0,0,SWE,2021-10-10,https://www.sportstiming.dk/event/9403/results
9403,Stockholm Cyclocross Weekend - Stockholm Cyclocross,,,https://www.sportstiming.dk/event/9403/results,#,Ellen ÖstergrenCykelklubben Uni,106,10095164559,Cykelklubben Uni,SWE,3,3.0,finished,26:15,3,15,10,0,0,SWE,2021-10-10,https://www.sportstiming.dk/event/9403/results
9403,Stockholm Cyclocross Weekend - Stockholm Cyclocross,,,https://www.sportstiming.dk/event/9403/results,#,Elma BERNDTÅstorps CK,102,10119978472,Åstorps CK,SWE,4,4.0,finished,26:43,3,15,10,0,0,SWE,2021-10-10,https://www.sportstiming.dk/event/9403/results
9403,Stockholm Cyclocross Weekend - Stockholm Cyclocross,,,https://www.sportstiming.dk/event/9403/results,,8:50,Åstorps CK,8:35,Åstorps CK,,KLUBBGENOMSNITTLIGSNABBASTELÅNGSAMMASTEÅSTORPS CK8:508:358:59,850835859.0,finished,,,15,10,0,0,SWE,2021-10-10,https://www.sportstiming.dk/event/9403/results
9403,Stockholm Cyclocross Weekend - Stockholm Cyclocross,,,https://www.sportstiming.dk/event/9403/results,#,Izabella JANSENUddevalla CK,104,10116461921,Uddevalla CK,SWE,5,5.0,finished,30:24,3,15,10,0,0,SWE,2021-10-10,https://www.sportstiming.dk/event/9403/results
9402,Stockholm Cyclocross Weekend - CX Täby Park,,,https://www.sportstiming.dk/event/9402/results,#,Ellen FELLDINVästerås Cykelklubb,103,10081410969,Västerås Cykelklubb,SWE,1,1.0,finished,25:14,3,18,12,0,0,SWE,2021-10-09,https://www.sportstiming.dk/event/9402/results
9402,Stockholm Cyclocross Weekend - CX Täby Park,,,https://www.sportstiming.dk/event/9402/results,,8:21,Västerås Cykelklubb,8:18,Västerås Cykelklubb,,KLUBBGENOMSNITTLIGSNABBASTELÅNGSAMMASTEVÄSTERÅS CYKELKLUBB8:218:188:27,821818827.0,finished,,,18,12,0,0,SWE,2021-10-09,https://www.sportstiming.dk/event/9402/results
9402,Stockholm Cyclocross Weekend - CX Täby Park,,,https://www.sportstiming.dk/event/9402/results,#,Tilde LINGMERTHEksjö CK,101,10095164256,Eksjö CK,SWE,2,2.0,finished,25:19,3,18,12,0,0,SWE,2021-10-09,https://www.sportstiming.dk/event/9402/results
9402,Stockholm Cyclocross Weekend - CX Täby Park,,,https://www.sportstiming.dk/event/9402/results,,8:23,Eksjö CK,8:16,Eksjö CK,,KLUBBGENOMSNITTLIGSNABBASTELÅNGSAMMASTEEKSJÖ CK8:238:168:30,823816830.0,finished,,,18,12,0,0,SWE,2021-10-09,https://www.sportstiming.dk/event/9402/results
9402,Stockholm Cyclocross Weekend - CX Täby Park,,,https://www.sportstiming.dk/event/9402/results,#,Elma BERNDTÅstorps CK,102,10119978472,Åstorps CK,SWE,3,3.0,finished,27:26,3,18,12,0,0,SWE,2021-10-09,https://www.sportstiming.dk/event/9402/results
9402,Stockholm Cyclocross Weekend - CX Täby Park,,,https://www.sportstiming.dk/event/9402/results,,9:05,Åstorps CK,8:49,Åstorps CK,,KLUBBGENOMSNITTLIGSNABBASTELÅNGSAMMASTEÅSTORPS CK9:058:499:17,905849917.0,finished,,,18,12,0,0,SWE,2021-10-09,https://www.sportstiming.dk/event/9402/results
9402,Stockholm Cyclocross Weekend - CX Täby Park,,,https://www.sportstiming.dk/event/9402/results,#,Ellen ÖstergrenCykelklubben Uni,106,10095164559,Cykelklubben Uni,SWE,4,4.0,finished,27:48,3,18,12,0,0,SWE,2021-10-09,https://www.sportstiming.dk/event/9402/results
9402,Stockholm Cyclocross Weekend - CX Täby Park,,,https://www.sportstiming.dk/event/9402/results,#,Elma STRÖMBLADMTB Täby,105,10119853180,MTB Täby,SWE,5,5.0,finished,29:28,3,18,12,0,0,SWE,2021-10-09,https://www.sportstiming.dk/event/9402/results
9402,Stockholm Cyclocross Weekend - CX Täby Park,,,https://www.sportstiming.dk/event/9402/results,,9:46,MTB Täby,9:33,MTB Täby,,KLUBBGENOMSNITTLIGSNABBASTELÅNGSAMMASTEMTB TÄBY9:469:339:56,946933956.0,finished,,,18,12,0,0,SWE,2021-10-09,https://www.sportstiming.dk/event/9402/results
9402,Stockholm Cyclocross Weekend - CX Täby Park,,,https://www.sportstiming.dk/event/9402/results,#,Izabella JANSENUddevalla CK,104,10116461921,Uddevalla CK,SWE,6,6.0,finished,34:20,3,18,12,0,0,SWE,2021-10-09,https://www.sportstiming.dk/event/9402/results
9468,Hagströmska CX SWE-cup,,,https://www.sportstiming.dk/event/9468/results,https://www.sportstiming.dk/event/9468/results/4020285,Linus LANDHFalu Cykelklubb,47,,Falu Cykelklubb,,2,2.0,finished,"14:15,14",2,12,8,0,0,SWE,2021-09-26,https://www.sportstiming.dk/event/9468/results
9468,Hagströmska CX SWE-cup,,,https://www.sportstiming.dk/event/9468/results,https://www.sportstiming.dk/event/9468/results/4041843,Oskar KumlinMTB Täby,59,,MTB Täby,,4,4.0,finished,"15:41,27",2,12,8,0,0,SWE,2021-09-26,https://www.sportstiming.dk/event/9468/results
9467,Hagströmska CX-pokalen,,,https://www.sportstiming.dk/event/9467/results,https://www.sportstiming.dk/event/9467/results/4020233,Linus LANDHFalu Cykelklubb,36,10094976724,Falu Cykelklubb,,3,3.0,finished,"14:46,35",2,12,8,0,0,SWE,2021-09-25,https://www.sportstiming.dk/event/9467/results
9467,Hagströmska CX-pokalen,,,https://www.sportstiming.dk/event/9467/results,https://www.sportstiming.dk/event/9467/results/4041679,Oskar KumlinMTB Täby,38,,MTB Täby,,4,4.0,finished,"17:30,64",2,12,8,0,0,SWE,2021-09-25,https://www.sportstiming.dk/event/9467/results
7997,Stockholm Cyclocross Weekend - Stockholm Cyclocross,,,https://www.sportstiming.dk/event/7997/results,https://www.sportstiming.dk/event/7997/results/3544978,Tilde LINGMERTHEksjö CK,237,10095164256,Eksjö CK,SWE,1,1.0,finished,33:41,3,4,2,1,0,SWE,2020-10-11,https://www.sportstiming.dk/event/7997/results
7997,Stockholm Cyclocross Weekend - Stockholm Cyclocross,,,https://www.sportstiming.dk/event/7997/results,,11:10,Eksjö CK,10:20,Eksjö CK,,KLUBBGENOMSNITTLIGSNABBASTELÅNGSAMMASTEEKSJÖ CK11:1010:2012:10,111010201210.0,finished,,,4,2,1,0,SWE,2020-10-11,https://www.sportstiming.dk/event/7997/results
7997,Stockholm Cyclocross Weekend - Stockholm Cyclocross,,,https://www.sportstiming.dk/event/7997/results,https://www.sportstiming.dk/event/7997/results/3542534,Klara KUMLINCK Uni,236,10081419053,CK Uni,SWE,DNS,,DNS,,0,4,2,1,0,SWE,2020-10-11,https://www.sportstiming.dk/event/7997/results
7983,Stockholm Cyclocross Weekend - CX Täby Park,,,https://www.sportstiming.dk/event/7983/results,#,Tilde LINGMERTHEksjö CK,237,10095164256,Eksjö CK,SWE,1,1.0,finished,26:45,3,6,4,0,0,SWE,2020-10-10,https://www.sportstiming.dk/event/7983/results
7983,Stockholm Cyclocross Weekend - CX Täby Park,,,https://www.sportstiming.dk/event/7983/results,#,Klara KUMLINCK Uni,236,10081419053,CK Uni,SWE,2,2.0,finished,27:45,3,6,4,0,0,SWE,2020-10-10,https://www.sportstiming.dk/event/7983/results
7925,Hagströmska CX SWE-cup,,,https://www.sportstiming.dk/event/7925/results,https://www.sportstiming.dk/event/7925/results/3533728,Isak UNGERFalu CK,33,,Falu CK,,1,1.0,finished,"13:31,40",2,24,16,0,0,SWE,2020-09-27,https://www.sportstiming.dk/event/7925/results
7925,Hagströmska CX SWE-cup,,,https://www.sportstiming.dk/event/7925/results,https://www.sportstiming.dk/event/7925/results/3533675,Elias LANDHFalu CK,35,,Falu CK,,2,2.0,finished,"13:35,74",2,24,16,0,0,SWE,2020-09-27,https://www.sportstiming.dk/event/7925/results
7925,Hagströmska CX SWE-cup,,,https://www.sportstiming.dk/event/7925/results,https://www.sportstiming.dk/event/7925/results/3534783,Alvin LINGMERTHEksjö CK,31,,Eksjö CK,,3,3.0,finished,"14:04,11",2,24,16,0,0,SWE,2020-09-27,https://www.sportstiming.dk/event/7925/results
7925,Hagströmska CX SWE-cup,,,https://www.sportstiming.dk/event/7925/results,https://www.sportstiming.dk/event/7925/results/3533206,Oliver ANDERSENMTB Täby,30,,MTB Täby,,4,4.0,finished,"15:29,06",2,24,16,0,0,SWE,2020-09-27,https://www.sportstiming.dk/event/7925/results
7925,Hagströmska CX SWE-cup,,,https://www.sportstiming.dk/event/7925/results,https://www.sportstiming.dk/event/7925/results/3533679,Linus LANDHFalu CK,29,,Falu CK,,8,8.0,finished,"21:21,93",2,24,16,0,0,SWE,2020-09-27,https://www.sportstiming.dk/event/7925/results
7930,Hagströmska CX-pokalen,,,https://www.sportstiming.dk/event/7930/results,https://www.sportstiming.dk/event/7930/results/3533673,Elias LANDHFalu CK,32,10080959315,Falu CK,,1,1.0,finished,"14:10,00",2,8,8,0,0,SWE,2020-09-26,https://www.sportstiming.dk/event/7930/results
7930,Hagströmska CX-pokalen,,,https://www.sportstiming.dk/event/7930/results,https://www.sportstiming.dk/event/7930/results/3533724,Isak UNGERFalu CK,31,10081410868,Falu CK,,2,2.0,finished,"14:15,00",2,8,8,0,0,SWE,2020-09-26,https://www.sportstiming.dk/event/7930/results
7930,Hagströmska CX-pokalen,,,https://www.sportstiming.dk/event/7930/results,https://www.sportstiming.dk/event/7930/results/3534779,Alvin LINGMERTHEksjö CK,36,10065344941,Eksjö CK,,3,3.0,finished,"14:46,00",2,8,8,0,0,SWE,2020-09-26,https://www.sportstiming.dk/event/7930/results
7930,Hagströmska CX-pokalen,,,https://www.sportstiming.dk/event/7930/results,https://www.sportstiming.dk/event/7930/results/3533218,Oliver ANDERSENMTB Täby,30,10097325134,MTB Täby,,4,4.0,finished,"16:24,00",2,8,8,0,0,SWE,2020-09-26,https://www.sportstiming.dk/event/7930/results
7930,Hagströmska CX-pokalen,,,https://www.sportstiming.dk/event/7930/results,https://www.sportstiming.dk/event/7930/results/3533682,Linus LANDHFalu CK,33,10094976724,Falu CK,,8,8.0,finished,"21:27,00",2,8,8,0,0,SWE,2020-09-26,https://www.sportstiming.dk/event/7930/results
7197,Svenska mästerskapen i cykelcross sön,,,https://www.sportstiming.dk/event/7197/results,https://www.sportstiming.dk/event/7197/results/3258911,Oscar LindSerneke Allebike CK,270,10022309475,Serneke Allebike CK,SWE,1,1.0,finished,47:18,5,44,26,5,0,SWE,2020-01-12,https://www.sportstiming.dk/event/7197/results
7197,Svenska mästerskapen i cykelcross sön,,,https://www.sportstiming.dk/event/7197/results,https://www.sportstiming.dk/event/7197/results/3258912,Carl KageviKIA Cycling Team CK,271,10022297452,KIA Cycling Team CK,SWE,2,2.0,finished,48:40,5,44,26,5,0,SWE,2020-01-12,https://www.sportstiming.dk/event/7197/results
7197,Svenska mästerskapen i cykelcross sön,,,https://www.sportstiming.dk/event/7197/results,https://www.sportstiming.dk/event/7197/results/3258921,Erik ZälleKvänums IF,280,10022265423,Kvänums IF,SWE,3,3.0,finished,49:28,5,44,26,5,0,SWE,2020-01-12,https://www.sportstiming.dk/event/7197/results
7197,Svenska mästerskapen i cykelcross sön,,,https://www.sportstiming.dk/event/7197/results,https://www.sportstiming.dk/event/7197/results/3258922,Casper JohanssonVarbergs Mountain Bike Club,281,10022320690,Varbergs Mountain Bike Club,SWE,4,4.0,finished,50:09,5,44,26,5,0,SWE,2020-01-12,https://www.sportstiming.dk/event/7197/results
7197,Svenska mästerskapen i cykelcross sön,,,https://www.sportstiming.dk/event/7197/results,https://www.sportstiming.dk/event/7197/results/3258918,Eric PedersenCK Bure,277,10022457504,CK Bure,SWE,5,5.0,finished,51:28,5,44,26,5,0,SWE,2020-01-12,https://www.sportstiming.dk/event/7197/results
7197,Svenska mästerskapen i cykelcross sön,,,https://www.sportstiming.dk/event/7197/results,https://www.sportstiming.dk/event/7197/results/3258924,Viggo KarlssonVarbergs Mountain Bike Club,283,10022326148,Varbergs Mountain Bike Club,SWE,6,6.0,finished,51:43,5,44,26,5,0,SWE,2020-01-12,https://www.sportstiming.dk/event/7197/results
7197,Svenska mästerskapen i cykelcross sön,,,https://www.sportstiming.dk/event/7197/results,https://www.sportstiming.dk/event/7197/results/3258920,Melker HedrénVarbergs Mountain Bike Club,279,10022324128,Varbergs Mountain Bike Club,SWE,7,7.0,finished,52:08,5,44,26,5,0,SWE,2020-01-12,https://www.sportstiming.dk/event/7197/results
7197,Svenska mästerskapen i cykelcross sön,,,https://www.sportstiming.dk/event/7197/results,https://www.sportstiming.dk/event/7197/results/3258914,Axel SävenlundBorås CA,273,10060588911,Borås CA,SWE,8,8.0,finished,53:16,5,44,26,5,0,SWE,2020-01-12,https://www.sportstiming.dk/event/7197/results
7197,Svenska mästerskapen i cykelcross sön,,,https://www.sportstiming.dk/event/7197/results,https://www.sportstiming.dk/event/7197/results/3258917,Simon JohanssonOK Tyr,276,10022304425,OK Tyr,SWE,9,9.0,finished,53:53,5,44,26,5,0,SWE,2020-01-12,https://www.sportstiming.dk/event/7197/results
7197,Svenska mästerskapen i cykelcross sön,,,https://www.sportstiming.dk/event/7197/results,https://www.sportstiming.dk/event/7197/results/3258926,Hugo PorathTeam Ormsalva Athletic Club,285,10022589664,Team Ormsalva Athletic Club,SWE,10,10.0,finished,55:18,5,44,26,5,0,SWE,2020-01-12,https://www.sportstiming.dk/event/7197/results
7197,Svenska mästerskapen i cykelcross sön,,,https://www.sportstiming.dk/event/7197/results,https://www.sportstiming.dk/event/7197/results/3258923,Gustav ThompsonGiro Cycle Club,282,10022432747,Giro Cycle Club,SWE,11,11.0,finished,55:43,5,44,26,5,0,SWE,2020-01-12,https://www.sportstiming.dk/event/7197/results
7197,Svenska mästerskapen i cykelcross sön,,,https://www.sportstiming.dk/event/7197/results,https://www.sportstiming.dk/event/7197/results/3265946,Albin HoflundCK Ringen,287,10065372424,CK Ringen,SWE,12,12.0,finished,56:04,5,44,26,5,0,SWE,2020-01-12,https://www.sportstiming.dk/event/7197/results
7197,Svenska mästerskapen i cykelcross sön,,,https://www.sportstiming.dk/event/7197/results,https://www.sportstiming.dk/event/7197/results/3258927,Leo JacobssonCK Bure,286,10055678485,CK Bure,SWE,13,13.0,finished,59:39,5,44,26,5,0,SWE,2020-01-12,https://www.sportstiming.dk/event/7197/results
7197,Svenska mästerskapen i cykelcross sön,,,https://www.sportstiming.dk/event/7197/results,https://www.sportstiming.dk/event/7197/results/3258919,Theodor AntmanFalu CK,278,10022314933,Falu CK,SWE,DNS,,DNS,,0,44,26,5,0,SWE,2020-01-12,https://www.sportstiming.dk/event/7197/results
7197,Svenska mästerskapen i cykelcross sön,,,https://www.sportstiming.dk/event/7197/results,https://www.sportstiming.dk/event/7197/results/3258916,Anton OlarsFalu CK,275,10022597041,Falu CK,SWE,DNS,,DNS,,0,44,26,5,0,SWE,2020-01-12,https://www.sportstiming.dk/event/7197/results
7197,Svenska mästerskapen i cykelcross sön,,,https://www.sportstiming.dk/event/7197/results,https://www.sportstiming.dk/event/7197/results/3258915,Filip MårdKIA Cycling Team CK,274,10022437801,KIA Cycling Team CK,SWE,DNS,,DNS,,0,44,26,5,0,SWE,2020-01-12,https://www.sportstiming.dk/event/7197/results
7197,Svenska mästerskapen i cykelcross sön,,,https://www.sportstiming.dk/event/7197/results,https://www.sportstiming.dk/event/7197/results/3258913,Lukas VernerssonGiro Cycle Club,272,10022295129,Giro Cycle Club,SWE,DNS,,DNS,,0,44,26,5,0,SWE,2020-01-12,https://www.sportstiming.dk/event/7197/results
7197,Svenska mästerskapen i cykelcross sön,,,https://www.sportstiming.dk/event/7197/results,https://www.sportstiming.dk/event/7197/results/3258925,Hugo HassellundIK Trasten,284,10055019794,IK Trasten,SWE,DNS,,DNS,,0,44,26,5,0,SWE,2020-01-12,https://www.sportstiming.dk/event/7197/results
6890,Svenska mästerskapen i cykelcross lör,,,https://www.sportstiming.dk/event/6890/results,https://www.sportstiming.dk/event/6890/results/3258836,Isak UngerFalu CK,200,10081410868,Falu CK,SWE,1,1.0,finished,20:43,2,42,28,0,0,SWE,2020-01-11,https://www.sportstiming.dk/event/6890/results
6890,Svenska mästerskapen i cykelcross lör,,,https://www.sportstiming.dk/event/6890/results,https://www.sportstiming.dk/event/6890/results/3258837,Elias LandhFalu CK,201,10080959315,Falu CK,SWE,2,2.0,finished,20:45,2,42,28,0,0,SWE,2020-01-11,https://www.sportstiming.dk/event/6890/results
6890,Svenska mästerskapen i cykelcross lör,,,https://www.sportstiming.dk/event/6890/results,https://www.sportstiming.dk/event/6890/results/3258840,Oscar LorentssonAnderstorps OK,204,10082523540,Anderstorps OK,SWE,3,3.0,finished,20:48,2,42,28,0,0,SWE,2020-01-11,https://www.sportstiming.dk/event/6890/results
6890,Svenska mästerskapen i cykelcross lör,,,https://www.sportstiming.dk/event/6890/results,https://www.sportstiming.dk/event/6890/results/3258839,Alvin LingmerthEksjö CK,203,10065344941,Eksjö CK,SWE,4,4.0,finished,21:02,2,42,28,0,0,SWE,2020-01-11,https://www.sportstiming.dk/event/6890/results
6890,Svenska mästerskapen i cykelcross lör,,,https://www.sportstiming.dk/event/6890/results,https://www.sportstiming.dk/event/6890/results/3258844,Viggo RudklintCK Master,208,10062276610,CK Master,SWE,5,5.0,finished,21:35,2,42,28,0,0,SWE,2020-01-11,https://www.sportstiming.dk/event/6890/results
6890,Svenska mästerskapen i cykelcross lör,,,https://www.sportstiming.dk/event/6890/results,https://www.sportstiming.dk/event/6890/results/3258838,Oliver AndersenMTB Täby Mountainbikeklubb,202,10097325134,MTB Täby Mountainbikeklubb,SWE,6,6.0,finished,21:58,2,42,28,0,0,SWE,2020-01-11,https://www.sportstiming.dk/event/6890/results
6890,Svenska mästerskapen i cykelcross lör,,,https://www.sportstiming.dk/event/6890/results,https://www.sportstiming.dk/event/6890/results/3264996,Albin MinforsIK Trasten,213,,IK Trasten,SWE,7,7.0,finished,22:12,2,42,28,0,0,SWE,2020-01-11,https://www.sportstiming.dk/event/6890/results
6890,Svenska mästerskapen i cykelcross lör,,,https://www.sportstiming.dk/event/6890/results,https://www.sportstiming.dk/event/6890/results/3258841,Valdemar Carlsson SteenBorås CA,205,10081413191,Borås CA,SWE,8,8.0,finished,22:26,2,42,28,0,0,SWE,2020-01-11,https://www.sportstiming.dk/event/6890/results
6890,Svenska mästerskapen i cykelcross lör,,,https://www.sportstiming.dk/event/6890/results,https://www.sportstiming.dk/event/6890/results/3258843,Oscar LövgrenIK Hakarpspojkarna,207,10022571375,IK Hakarpspojkarna,SWE,9,9.0,finished,24:15,2,42,28,0,0,SWE,2020-01-11,https://www.sportstiming.dk/event/6890/results
6890,Svenska mästerskapen i cykelcross lör,,,https://www.sportstiming.dk/event/6890/results,https://www.sportstiming.dk/event/6890/results/3258845,Leo KjellbergCK Master,209,10079718927,CK Master,SWE,10,10.0,finished,24:28,2,42,28,0,0,SWE,2020-01-11,https://www.sportstiming.dk/event/6890/results
6890,Svenska mästerskapen i cykelcross lör,,,https://www.sportstiming.dk/event/6890/results,https://www.sportstiming.dk/event/6890/results/3258842,Edward LöfmanMTB Täby Mountainbikeklubb,206,10099451858,MTB Täby Mountainbikeklubb,SWE,11,11.0,finished,25:16,2,42,28,0,0,SWE,2020-01-11,https://www.sportstiming.dk/event/6890/results
6890,Svenska mästerskapen i cykelcross lör,,,https://www.sportstiming.dk/event/6890/results,https://www.sportstiming.dk/event/6890/results/3258846,Filip HedeåsVarbergs Mountain Bike Club,210,10022561372,Varbergs Mountain Bike Club,SWE,12,12.0,finished,27:12,2,42,28,0,0,SWE,2020-01-11,https://www.sportstiming.dk/event/6890/results
6890,Svenska mästerskapen i cykelcross lör,,,https://www.sportstiming.dk/event/6890/results,https://www.sportstiming.dk/event/6890/results/3264995,Aron DahlbergIK Trasten,212,10055689906,IK Trasten,SWE,13,13.0,finished,29:56,2,42,28,0,0,SWE,2020-01-11,https://www.sportstiming.dk/event/6890/results
6890,Svenska mästerskapen i cykelcross lör,,,https://www.sportstiming.dk/event/6890/results,https://www.sportstiming.dk/event/6890/results/3258847,Hugo KjellbergCK Master,211,10092496049,CK Master,SWE,14,14.0,finished,32:12,2,42,28,0,0,SWE,2020-01-11,https://www.sportstiming.dk/event/6890/results
6936,Allebike Serneke CX SWE Cup,,,https://www.sportstiming.dk/event/6936/results,#,Oscar LorentssonAnderstorps Orienteringsklubb,4,100 825 235 40,Anderstorps Orienteringsklubb,SWE,1,1.0,finished,22:15,2,25,16,1,0,SWE,2019-12-08,https://www.sportstiming.dk/event/6936/results
6936,Allebike Serneke CX SWE Cup,,,https://www.sportstiming.dk/event/6936/results,#,Alvin LingmerthEksjö Cykelklubb,2,100 653 449 41,Eksjö Cykelklubb,SWE,2,2.0,finished,22:24,2,25,16,1,0,SWE,2019-12-08,https://www.sportstiming.dk/event/6936/results
6936,Allebike Serneke CX SWE Cup,,,https://www.sportstiming.dk/event/6936/results,#,Elias LandhMTB Täby Mountainbikeklubb,3,100 809 593 15,MTB Täby Mountainbikeklubb,SWE,3,3.0,finished,23:12,2,25,16,1,0,SWE,2019-12-08,https://www.sportstiming.dk/event/6936/results
6936,Allebike Serneke CX SWE Cup,,,https://www.sportstiming.dk/event/6936/results,#,Valdemar Carlsson SteenBorås Cykelamatörer,5,100 814 131 91,Borås Cykelamatörer,SWE,4,4.0,finished,24:02,2,25,16,1,0,SWE,2019-12-08,https://www.sportstiming.dk/event/6936/results
6936,Allebike Serneke CX SWE Cup,,,https://www.sportstiming.dk/event/6936/results,#,Oliver AndersenMTB Täby Mountainbikeklubb,1,100 973 251 34,MTB Täby Mountainbikeklubb,SWE,5,5.0,finished,24:23,2,25,16,1,0,SWE,2019-12-08,https://www.sportstiming.dk/event/6936/results
6936,Allebike Serneke CX SWE Cup,,,https://www.sportstiming.dk/event/6936/results,#,Benjamin TuressonSkövde Cykelklubb,7,100 815 406 08,Skövde Cykelklubb,SWE,6,6.0,finished,24:38,2,25,16,1,0,SWE,2019-12-08,https://www.sportstiming.dk/event/6936/results
6936,Allebike Serneke CX SWE Cup,,,https://www.sportstiming.dk/event/6936/results,#,Emanuel AlvefloAlingsås Sportsclub,8,100 806 718 50,Alingsås Sportsclub,SWE,7,7.0,finished,28:22,2,25,16,1,0,SWE,2019-12-08,https://www.sportstiming.dk/event/6936/results
6936,Allebike Serneke CX SWE Cup,,,https://www.sportstiming.dk/event/6936/results,#,Isak SävenlundBorås CA,9,,Borås CA,SWE,8,8.0,finished,28:56,2,25,16,1,0,SWE,2019-12-08,https://www.sportstiming.dk/event/6936/results
6936,Allebike Serneke CX SWE Cup,,,https://www.sportstiming.dk/event/6936/results,#,Leo KjellbergCykelklubben Master,6,100 797 189 27,Cykelklubben Master,SWE,DNS,,DNS,,0,25,16,1,0,SWE,2019-12-08,https://www.sportstiming.dk/event/6936/results
6935,Allebike Bliz CX-Pokalen,,,https://www.sportstiming.dk/event/6935/results,#,Elias Landh,1,100 809 593 15,,SWE,1,1.0,finished,21:02,2,29,27,1,1,SWE,2019-12-07,https://www.sportstiming.dk/event/6935/results
6935,Allebike Bliz CX-Pokalen,,,https://www.sportstiming.dk/event/6935/results,#,Alvin Lingmerth,7,100 653 449 41,,SWE,2,2.0,finished,21:13,2,29,27,1,1,SWE,2019-12-07,https://www.sportstiming.dk/event/6935/results
6935,Allebike Bliz CX-Pokalen,,,https://www.sportstiming.dk/event/6935/results,#,Oscar Lorentsson,3,100 825 235 40,,SWE,3,3.0,finished,21:19,2,29,27,1,1,SWE,2019-12-07,https://www.sportstiming.dk/event/6935/results
6935,Allebike Bliz CX-Pokalen,,,https://www.sportstiming.dk/event/6935/results,#,Oliver Andersen,2,100 973 251 34,,SWE,4,4.0,finished,21:36,2,29,27,1,1,SWE,2019-12-07,https://www.sportstiming.dk/event/6935/results
6935,Allebike Bliz CX-Pokalen,,,https://www.sportstiming.dk/event/6935/results,#,Albin Minfors,9,100 542 073 21,,SWE,5,5.0,finished,22:39,2,29,27,1,1,SWE,2019-12-07,https://www.sportstiming.dk/event/6935/results
6935,Allebike Bliz CX-Pokalen,,,https://www.sportstiming.dk/event/6935/results,#,Benjamin Turesson,6,100 815 406 08,,SWE,6,6.0,finished,22:49,2,29,27,1,1,SWE,2019-12-07,https://www.sportstiming.dk/event/6935/results
6935,Allebike Bliz CX-Pokalen,,,https://www.sportstiming.dk/event/6935/results,#,Hampus Färnström,10,,,SWE,7,7.0,finished,23:16,2,29,27,1,1,SWE,2019-12-07,https://www.sportstiming.dk/event/6935/results
6935,Allebike Bliz CX-Pokalen,,,https://www.sportstiming.dk/event/6935/results,#,Valdemar Carlsson Steen,4,100 814 131 91,,SWE,8,8.0,finished,23:23,2,29,27,1,1,SWE,2019-12-07,https://www.sportstiming.dk/event/6935/results
6935,Allebike Bliz CX-Pokalen,,,https://www.sportstiming.dk/event/6935/results,#,Aron Dahlberg,5,100 556 899 06,,SWE,9,9.0,finished,28:38,2,29,27,1,1,SWE,2019-12-07,https://www.sportstiming.dk/event/6935/results
6935,Allebike Bliz CX-Pokalen,,,https://www.sportstiming.dk/event/6935/results,#,Sune Lindgren,11,,,SWE,DNF,,DNF,,0,29,27,1,1,SWE,2019-12-07,https://www.sportstiming.dk/event/6935/results
6935,Allebike Bliz CX-Pokalen,,,https://www.sportstiming.dk/event/6935/results,#,Leo Kjellberg,8,100 797 189 27,,SWE,DNS,,DNS,,0,29,27,1,1,SWE,2019-12-07,https://www.sportstiming.dk/event/6935/results
